filename,width,height,class,xmin,ymin,xmax,ymax
1.jpg,1000,1000,ship,944,986,984,999
1.jpg,1000,1000,ship,892,957,935,986
1.jpg,1000,1000,ship,826,921,884,957
10.jpg,1000,1000,ship,104,751,160,828
10.jpg,1000,1000,ship,221,814,275,887
10.jpg,1000,1000,ship,213,768,256,822
10.jpg,1000,1000,ship,127,892,178,961
10.jpg,1000,1000,ship,162,894,230,983
100.jpg,1000,1000,ship,667,589,778,747
100.jpg,1000,1000,ship,790,401,901,583
100.jpg,1000,1000,ship,403,15,503,284
100.jpg,1000,1000,ship,676,110,753,238
101.jpg,1000,1000,ship,784,580,878,796
101.jpg,1000,1000,ship,825,93,948,363
102.jpg,1000,1000,ship,271,686,347,873
102.jpg,1000,1000,ship,206,394,306,552
102.jpg,1000,1000,ship,89,89,212,306
102.jpg,1000,1000,ship,1,657,111,855
103.jpg,1000,1000,ship,300,882,400,999
103.jpg,1000,1000,ship,353,530,447,864
103.jpg,1000,1000,ship,499,753,593,969
103.jpg,1000,1000,ship,681,577,769,794
103.jpg,1000,1000,ship,956,723,999,964
103.jpg,1000,1000,ship,816,606,898,852
103.jpg,1000,1000,ship,1,401,101,583
103.jpg,1000,1000,ship,195,384,294,571
104.jpg,1000,1000,ship,775,700,862,999
104.jpg,1000,1000,ship,493,782,628,987
104.jpg,1000,1000,ship,1,580,78,796
104.jpg,1000,1000,ship,25,93,148,363
104.jpg,1000,1000,ship,206,667,300,972
104.jpg,1000,1000,ship,470,480,558,755
104.jpg,1000,1000,ship,652,345,751,685
104.jpg,1000,1000,ship,306,439,376,720
104.jpg,1000,1000,ship,183,310,247,597
104.jpg,1000,1000,ship,300,82,400,287
104.jpg,1000,1000,ship,939,240,999,427
104.jpg,1000,1000,ship,693,169,780,339
104.jpg,1000,1000,ship,499,1,593,169
104.jpg,1000,1000,ship,956,1,999,164
105.jpg,1000,1000,ship,124,723,212,892
105.jpg,1000,1000,ship,570,869,663,999
105.jpg,1000,1000,ship,599,547,681,740
105.jpg,1000,1000,ship,775,670,868,887
105.jpg,1000,1000,ship,874,111,980,404
105.jpg,1000,1000,ship,347,305,447,644
105.jpg,1000,1000,ship,499,176,570,463
105.jpg,1000,1000,ship,775,1,862,217
105.jpg,1000,1000,ship,493,1,628,187
105.jpg,1000,1000,ship,294,117,365,381
105.jpg,1000,1000,ship,206,1,300,172
106.jpg,1000,1000,ship,593,590,675,707
106.jpg,1000,1000,ship,124,1,212,92
106.jpg,1000,1000,ship,505,333,593,520
106.jpg,1000,1000,ship,570,69,663,262
106.jpg,1000,1000,ship,745,186,851,379
107.jpg,1000,1000,ship,156,723,226,964
107.jpg,1000,1000,ship,16,606,98,852
108.jpg,1000,1000,ship,836,560,941,976
108.jpg,1000,1000,ship,285,823,391,999
108.jpg,1000,1000,ship,508,771,584,976
108.jpg,1000,1000,ship,584,642,672,794
108.jpg,1000,1000,ship,660,425,765,683
108.jpg,1000,1000,ship,420,273,525,554
108.jpg,1000,1000,ship,262,630,338,853
108.jpg,1000,1000,ship,279,372,361,648
108.jpg,1000,1000,ship,1,700,62,999
108.jpg,1000,1000,ship,139,240,238,427
108.jpg,1000,1000,ship,156,1,226,164
109.jpg,1000,1000,ship,443,869,537,999
109.jpg,1000,1000,ship,1,670,68,887
109.jpg,1000,1000,ship,666,849,760,999
109.jpg,1000,1000,ship,742,469,830,703
109.jpg,1000,1000,ship,900,691,999,890
109.jpg,1000,1000,ship,168,410,238,691
109.jpg,1000,1000,ship,455,334,543,609
109.jpg,1000,1000,ship,74,111,180,404
109.jpg,1000,1000,ship,285,23,391,293
109.jpg,1000,1000,ship,508,1,584,176
109.jpg,1000,1000,ship,1,1,62,217
11.jpg,1000,1000,ship,73,451,93,466
11.jpg,1000,1000,ship,221,14,275,87
11.jpg,1000,1000,ship,127,92,178,161
11.jpg,1000,1000,ship,162,94,230,183
11.jpg,1000,1000,ship,240,377,265,417
110.jpg,1000,1000,ship,185,514,268,731
110.jpg,1000,1000,ship,309,133,391,362
110.jpg,1000,1000,ship,678,274,748,485
110.jpg,1000,1000,ship,443,69,537,233
110.jpg,1000,1000,ship,666,49,760,272
111.jpg,1000,1000,ship,726,877,994,969
111.jpg,1000,1000,ship,712,497,929,567
111.jpg,1000,1000,ship,624,530,809,618
111.jpg,1000,1000,ship,647,641,837,719
111.jpg,1000,1000,ship,749,807,999,895
111.jpg,1000,1000,ship,661,738,915,780
111.jpg,1000,1000,ship,749,780,999,849
112.jpg,1000,1000,ship,726,77,994,169
112.jpg,1000,1000,ship,749,7,999,95
112.jpg,1000,1000,ship,749,1,999,49
113.jpg,1000,1000,ship,100,691,200,890
113.jpg,1000,1000,ship,522,797,616,990
113.jpg,1000,1000,ship,247,445,375,644
113.jpg,1000,1000,ship,159,164,241,422
114.jpg,1000,1000,ship,211,420,317,643
114.jpg,1000,1000,ship,188,73,288,360
114.jpg,1000,1000,ship,381,208,516,442
114.jpg,1000,1000,ship,522,1,616,190
114.jpg,1000,1000,ship,703,316,797,524
115.jpg,1000,1000,ship,1,877,194,969
115.jpg,1000,1000,ship,1,497,129,567
115.jpg,1000,1000,ship,1,807,199,895
115.jpg,1000,1000,ship,1,780,226,849
116.jpg,1000,1000,ship,1,77,194,169
116.jpg,1000,1000,ship,1,7,199,95
116.jpg,1000,1000,ship,1,1,226,49
117.jpg,1000,1000,ship,152,864,277,977
117.jpg,1000,1000,ship,321,897,426,987
118.jpg,1000,1000,ship,152,64,277,177
118.jpg,1000,1000,ship,667,174,771,264
118.jpg,1000,1000,ship,321,97,426,187
119.jpg,1000,1000,ship,319,165,479,207
119.jpg,1000,1000,ship,329,291,448,343
12.jpg,1000,1000,ship,930,251,939,255
12.jpg,1000,1000,ship,315,554,327,576
120.jpg,1000,1000,ship,775,740,998,814
120.jpg,1000,1000,ship,859,545,999,730
121.jpg,1000,1000,ship,285,671,368,926
121.jpg,1000,1000,ship,502,866,623,999
121.jpg,1000,1000,ship,567,611,646,805
121.jpg,1000,1000,ship,660,213,785,412
121.jpg,1000,1000,ship,720,569,817,884
122.jpg,1000,1000,ship,160,741,433,834
122.jpg,1000,1000,ship,239,209,322,477
122.jpg,1000,1000,ship,391,283,521,473
122.jpg,1000,1000,ship,502,66,623,255
122.jpg,1000,1000,ship,461,894,581,999
122.jpg,1000,1000,ship,563,468,692,778
122.jpg,1000,1000,ship,683,801,803,999
122.jpg,1000,1000,ship,822,538,947,667
122.jpg,1000,1000,ship,748,200,891,399
123.jpg,1000,1000,ship,674,860,808,999
123.jpg,1000,1000,ship,336,432,433,746
123.jpg,1000,1000,ship,289,279,442,395
123.jpg,1000,1000,ship,461,94,581,256
123.jpg,1000,1000,ship,683,1,803,219
123.jpg,1000,1000,ship,919,367,999,561
123.jpg,1000,1000,ship,780,321,905,478
124.jpg,1000,1000,ship,729,393,859,708
124.jpg,1000,1000,ship,674,60,808,305
125.jpg,1000,1000,ship,309,78,415,249
125.jpg,1000,1000,ship,198,383,304,517
125.jpg,1000,1000,ship,521,226,609,397
125.jpg,1000,1000,ship,396,379,512,504
125.jpg,1000,1000,ship,526,406,679,605
125.jpg,1000,1000,ship,1,740,198,814
125.jpg,1000,1000,ship,59,545,262,730
125.jpg,1000,1000,ship,315,733,461,821
125.jpg,1000,1000,ship,236,807,472,885
125.jpg,1000,1000,ship,210,860,454,939
125.jpg,1000,1000,ship,470,876,732,926
126.jpg,1000,1000,ship,123,564,443,638
126.jpg,1000,1000,ship,406,745,545,925
126.jpg,1000,1000,ship,193,800,369,999
126.jpg,1000,1000,ship,637,671,818,800
126.jpg,1000,1000,ship,609,550,882,620
126.jpg,1000,1000,ship,364,189,776,291
126.jpg,1000,1000,ship,236,7,472,85
126.jpg,1000,1000,ship,210,60,454,139
126.jpg,1000,1000,ship,470,76,732,126
126.jpg,1000,1000,ship,597,431,800,481
126.jpg,1000,1000,ship,529,331,766,378
126.jpg,1000,1000,ship,563,294,743,327
127.jpg,1000,1000,ship,156,723,299,843
127.jpg,1000,1000,ship,22,538,147,667
127.jpg,1000,1000,ship,378,454,711,542
127.jpg,1000,1000,ship,1,200,91,399
127.jpg,1000,1000,ship,406,1,545,125
127.jpg,1000,1000,ship,193,1,369,213
128.jpg,1000,1000,ship,494,670,595,888
128.jpg,1000,1000,ship,225,788,332,999
128.jpg,1000,1000,ship,207,584,313,774
128.jpg,1000,1000,ship,119,367,244,561
128.jpg,1000,1000,ship,1,321,105,478
128.jpg,1000,1000,ship,609,196,850,307
129.jpg,1000,1000,ship,281,426,378,643
129.jpg,1000,1000,ship,535,199,656,439
129.jpg,1000,1000,ship,225,1,332,266
13.jpg,1000,1000,ship,81,2,155,64
13.jpg,1000,1000,ship,641,303,730,354
13.jpg,1000,1000,ship,725,666,821,725
130.jpg,1000,1000,ship,811,944,999,999
130.jpg,1000,1000,ship,778,888,999,963
130.jpg,1000,1000,ship,842,317,999,394
130.jpg,1000,1000,ship,795,799,999,897
130.jpg,1000,1000,ship,822,730,999,830
130.jpg,1000,1000,ship,774,631,999,735
130.jpg,1000,1000,ship,844,516,999,577
130.jpg,1000,1000,ship,859,464,999,531
131.jpg,1000,1000,ship,832,699,999,762
131.jpg,1000,1000,ship,820,652,999,717
131.jpg,1000,1000,ship,774,392,999,467
131.jpg,1000,1000,ship,811,144,999,223
131.jpg,1000,1000,ship,778,88,999,163
131.jpg,1000,1000,ship,795,1,999,97
132.jpg,1000,1000,ship,781,412,999,485
132.jpg,1000,1000,ship,837,389,999,436
132.jpg,1000,1000,ship,824,316,999,403
132.jpg,1000,1000,ship,847,268,999,358
133.jpg,1000,1000,ship,11,944,312,999
133.jpg,1000,1000,ship,1,888,381,963
133.jpg,1000,1000,ship,42,317,356,394
133.jpg,1000,1000,ship,1,799,343,897
133.jpg,1000,1000,ship,22,730,370,830
133.jpg,1000,1000,ship,1,631,348,735
133.jpg,1000,1000,ship,78,602,387,654
133.jpg,1000,1000,ship,44,516,325,577
133.jpg,1000,1000,ship,59,464,321,531
133.jpg,1000,1000,ship,48,408,354,498
133.jpg,1000,1000,ship,63,369,358,464
133.jpg,1000,1000,ship,510,317,748,361
133.jpg,1000,1000,ship,478,354,747,402
133.jpg,1000,1000,ship,468,408,755,465
133.jpg,1000,1000,ship,449,469,744,525
133.jpg,1000,1000,ship,454,523,724,579
133.jpg,1000,1000,ship,464,568,761,614
134.jpg,1000,1000,ship,32,699,335,762
134.jpg,1000,1000,ship,153,822,353,863
134.jpg,1000,1000,ship,138,949,327,999
134.jpg,1000,1000,ship,153,899,333,961
134.jpg,1000,1000,ship,206,869,404,908
134.jpg,1000,1000,ship,159,766,359,817
134.jpg,1000,1000,ship,20,652,335,717
134.jpg,1000,1000,ship,11,569,441,652
134.jpg,1000,1000,ship,9,496,424,604
134.jpg,1000,1000,ship,1,392,344,467
134.jpg,1000,1000,ship,78,271,395,336
134.jpg,1000,1000,ship,11,144,312,223
134.jpg,1000,1000,ship,1,88,381,163
134.jpg,1000,1000,ship,1,1,343,97
134.jpg,1000,1000,ship,424,905,784,975
134.jpg,1000,1000,ship,431,952,776,999
135.jpg,1000,1000,ship,1,412,280,485
135.jpg,1000,1000,ship,37,389,329,436
135.jpg,1000,1000,ship,24,316,344,403
135.jpg,1000,1000,ship,47,268,342,358
135.jpg,1000,1000,ship,71,238,333,315
135.jpg,1000,1000,ship,56,192,352,278
135.jpg,1000,1000,ship,84,170,365,241
135.jpg,1000,1000,ship,153,22,353,63
135.jpg,1000,1000,ship,138,149,327,213
135.jpg,1000,1000,ship,153,99,333,161
135.jpg,1000,1000,ship,206,69,404,108
135.jpg,1000,1000,ship,424,105,784,175
135.jpg,1000,1000,ship,416,165,724,262
135.jpg,1000,1000,ship,431,152,776,237
135.jpg,1000,1000,ship,373,291,668,356
135.jpg,1000,1000,ship,371,383,609,427
135.jpg,1000,1000,ship,383,348,628,395
135.jpg,1000,1000,ship,362,431,576,466
135.jpg,1000,1000,ship,314,545,528,605
135.jpg,1000,1000,ship,370,491,613,537
135.jpg,1000,1000,ship,368,468,591,493
135.jpg,1000,1000,ship,319,584,560,647
136.jpg,1000,1000,ship,726,329,790,495
136.jpg,1000,1000,ship,555,567,706,668
137.jpg,1000,1000,ship,325,803,412,999
137.jpg,1000,1000,ship,690,824,781,999
138.jpg,1000,1000,ship,617,677,777,802
138.jpg,1000,1000,ship,325,3,412,271
138.jpg,1000,1000,ship,690,24,781,246
139.jpg,1000,1000,ship,331,646,439,834
139.jpg,1000,1000,ship,720,136,999,334
14.jpg,1000,1000,ship,733,112,844,172
14.jpg,1000,1000,ship,959,218,984,250
140.jpg,1000,1000,ship,755,719,999,802
140.jpg,1000,1000,ship,283,520,440,661
141.jpg,1000,1000,ship,1,326,202,501
141.jpg,1000,1000,ship,792,741,954,999
142.jpg,1000,1000,ship,1,111,306,403
142.jpg,1000,1000,ship,915,571,999,999
143.jpg,1000,1000,ship,44,347,141,678
143.jpg,1000,1000,ship,220,436,329,663
144.jpg,1000,1000,ship,395,394,544,466
144.jpg,1000,1000,ship,312,455,573,555
145.jpg,1000,1000,ship,330,473,384,586
145.jpg,1000,1000,ship,766,714,851,999
146.jpg,1000,1000,ship,227,408,408,738
146.jpg,1000,1000,ship,584,110,675,421
147.jpg,1000,1000,ship,705,722,843,876
147.jpg,1000,1000,ship,958,168,999,322
148.jpg,1000,1000,ship,482,452,629,571
148.jpg,1000,1000,ship,863,406,999,562
149.jpg,1000,1000,ship,379,293,457,611
149.jpg,1000,1000,ship,616,205,692,333
149.jpg,1000,1000,ship,654,408,723,563
149.jpg,1000,1000,ship,774,148,883,331
149.jpg,1000,1000,ship,657,846,723,999
149.jpg,1000,1000,ship,764,710,863,867
15.jpg,1000,1000,ship,763,197,809,239
15.jpg,1000,1000,ship,641,818,689,843
150.jpg,1000,1000,ship,243,486,291,622
150.jpg,1000,1000,ship,764,821,855,999
150.jpg,1000,1000,ship,789,355,929,727
150.jpg,1000,1000,ship,657,46,723,261
150.jpg,1000,1000,ship,942,574,999,916
151.jpg,1000,1000,ship,204,665,284,860
151.jpg,1000,1000,ship,63,406,217,562
152.jpg,1000,1000,ship,1,148,83,331
152.jpg,1000,1000,ship,1,710,63,867
152.jpg,1000,1000,ship,162,706,257,883
152.jpg,1000,1000,ship,652,833,738,999
152.jpg,1000,1000,ship,793,859,886,999
152.jpg,1000,1000,ship,582,221,694,343
152.jpg,1000,1000,ship,254,215,318,343
152.jpg,1000,1000,ship,351,227,397,337
152.jpg,1000,1000,ship,910,531,979,616
153.jpg,1000,1000,ship,1,821,55,999
153.jpg,1000,1000,ship,1,355,129,727
153.jpg,1000,1000,ship,142,574,236,916
153.jpg,1000,1000,ship,331,133,443,302
153.jpg,1000,1000,ship,290,372,368,570
153.jpg,1000,1000,ship,286,727,356,999
153.jpg,1000,1000,ship,441,776,520,999
153.jpg,1000,1000,ship,630,649,710,966
153.jpg,1000,1000,ship,450,227,579,443
153.jpg,1000,1000,ship,685,369,763,646
153.jpg,1000,1000,ship,892,509,989,790
153.jpg,1000,1000,ship,652,33,738,269
153.jpg,1000,1000,ship,793,59,886,336
153.jpg,1000,1000,ship,912,206,999,451
154.jpg,1000,1000,ship,575,807,653,999
154.jpg,1000,1000,ship,954,729,999,999
154.jpg,1000,1000,ship,1,21,55,335
154.jpg,1000,1000,ship,166,158,278,504
154.jpg,1000,1000,ship,327,582,418,978
154.jpg,1000,1000,ship,286,1,356,240
154.jpg,1000,1000,ship,253,382,344,712
154.jpg,1000,1000,ship,441,1,520,276
154.jpg,1000,1000,ship,454,477,541,778
154.jpg,1000,1000,ship,479,278,615,475
154.jpg,1000,1000,ship,852,412,947,727
154.jpg,1000,1000,ship,740,189,831,543
154.jpg,1000,1000,ship,630,1,710,166
155.jpg,1000,1000,ship,583,803,661,999
155.jpg,1000,1000,ship,117,160,216,486
155.jpg,1000,1000,ship,476,564,575,873
155.jpg,1000,1000,ship,723,432,826,733
155.jpg,1000,1000,ship,735,69,839,420
155.jpg,1000,1000,ship,575,7,653,267
155.jpg,1000,1000,ship,954,1,999,205
155.jpg,1000,1000,ship,534,297,636,566
156.jpg,1000,1000,ship,1,859,86,999
156.jpg,1000,1000,ship,110,531,179,616
156.jpg,1000,1000,ship,276,415,364,525
157.jpg,1000,1000,ship,92,509,189,790
157.jpg,1000,1000,ship,249,693,319,985
157.jpg,1000,1000,ship,395,566,486,871
157.jpg,1000,1000,ship,634,693,721,964
157.jpg,1000,1000,ship,1,59,86,336
157.jpg,1000,1000,ship,112,206,207,451
158.jpg,1000,1000,ship,154,729,241,999
158.jpg,1000,1000,ship,416,631,524,929
158.jpg,1000,1000,ship,723,732,816,999
158.jpg,1000,1000,ship,928,457,999,789
158.jpg,1000,1000,ship,52,412,147,727
158.jpg,1000,1000,ship,249,1,319,185
158.jpg,1000,1000,ship,225,198,295,357
158.jpg,1000,1000,ship,268,327,361,606
158.jpg,1000,1000,ship,473,210,558,505
158.jpg,1000,1000,ship,556,128,617,299
158.jpg,1000,1000,ship,634,1,721,164
158.jpg,1000,1000,ship,808,71,907,475
159.jpg,1000,1000,ship,162,717,253,999
159.jpg,1000,1000,ship,154,1,241,205
159.jpg,1000,1000,ship,272,364,374,726
159.jpg,1000,1000,ship,405,292,526,631
159.jpg,1000,1000,ship,623,260,731,603
159.jpg,1000,1000,ship,640,537,727,813
159.jpg,1000,1000,ship,723,1,816,231
159.jpg,1000,1000,ship,877,97,983,457
16.jpg,1000,1000,ship,190,525,252,572
16.jpg,1000,1000,ship,223,833,267,868
16.jpg,1000,1000,ship,159,218,184,250
160.jpg,1000,1000,ship,241,445,327,671
160.jpg,1000,1000,ship,162,1,253,271
161.jpg,1000,1000,ship,735,794,902,855
161.jpg,1000,1000,ship,668,797,818,880
161.jpg,1000,1000,ship,611,829,768,908
161.jpg,1000,1000,ship,620,950,788,999
162.jpg,1000,1000,ship,735,1,902,55
162.jpg,1000,1000,ship,668,1,818,80
162.jpg,1000,1000,ship,611,29,768,108
162.jpg,1000,1000,ship,620,150,788,199
162.jpg,1000,1000,ship,642,246,856,276
162.jpg,1000,1000,ship,742,285,989,326
162.jpg,1000,1000,ship,716,344,979,391
162.jpg,1000,1000,ship,712,380,956,449
163.jpg,1000,1000,ship,128,457,219,789
163.jpg,1000,1000,ship,223,719,355,999
163.jpg,1000,1000,ship,8,71,107,475
164.jpg,1000,1000,ship,77,97,183,457
164.jpg,1000,1000,ship,187,660,289,997
164.jpg,1000,1000,ship,151,336,272,654
164.jpg,1000,1000,ship,363,449,484,777
164.jpg,1000,1000,ship,488,224,590,512
164.jpg,1000,1000,ship,223,1,355,203
164.jpg,1000,1000,ship,680,530,796,841
165.jpg,1000,1000,ship,1,1,102,55
165.jpg,1000,1000,ship,1,285,189,326
165.jpg,1000,1000,ship,1,344,179,391
165.jpg,1000,1000,ship,1,380,156,449
166.jpg,1000,1000,ship,82,735,157,924
166.jpg,1000,1000,ship,280,669,444,713
166.jpg,1000,1000,ship,169,811,391,880
166.jpg,1000,1000,ship,292,709,442,746
167.jpg,1000,1000,ship,82,1,157,124
167.jpg,1000,1000,ship,169,11,391,80
168.jpg,1000,1000,ship,137,355,253,467
168.jpg,1000,1000,ship,275,395,400,480
168.jpg,1000,1000,ship,652,480,751,566
168.jpg,1000,1000,ship,401,252,486,291
168.jpg,1000,1000,ship,750,242,809,297
168.jpg,1000,1000,ship,661,353,706,398
168.jpg,1000,1000,ship,888,299,962,353
168.jpg,1000,1000,ship,935,378,999,413
168.jpg,1000,1000,ship,933,489,999,532
169.jpg,1000,1000,ship,300,585,428,638
169.jpg,1000,1000,ship,305,460,447,509
169.jpg,1000,1000,ship,533,584,644,641
169.jpg,1000,1000,ship,88,299,162,353
169.jpg,1000,1000,ship,135,378,210,413
169.jpg,1000,1000,ship,133,489,205,532
17.jpg,1000,1000,ship,223,33,267,68
17.jpg,1000,1000,ship,494,957,519,999
17.jpg,1000,1000,ship,603,908,670,980
17.jpg,1000,1000,ship,678,802,761,869
170.jpg,1000,1000,ship,865,861,999,914
170.jpg,1000,1000,ship,855,892,999,961
170.jpg,1000,1000,ship,859,933,999,996
171.jpg,1000,1000,ship,865,61,999,114
171.jpg,1000,1000,ship,647,508,731,694
171.jpg,1000,1000,ship,745,230,959,299
171.jpg,1000,1000,ship,538,858,621,999
171.jpg,1000,1000,ship,855,92,999,161
171.jpg,1000,1000,ship,859,133,999,196
172.jpg,1000,1000,ship,538,58,621,321
172.jpg,1000,1000,ship,686,78,772,373
172.jpg,1000,1000,ship,480,351,570,585
172.jpg,1000,1000,ship,253,139,342,420
172.jpg,1000,1000,ship,204,528,292,782
172.jpg,1000,1000,ship,375,589,491,740
172.jpg,1000,1000,ship,526,707,646,999
172.jpg,1000,1000,ship,733,529,863,637
173.jpg,1000,1000,ship,526,1,646,273
173.jpg,1000,1000,ship,114,264,363,325
173.jpg,1000,1000,ship,660,303,745,519
173.jpg,1000,1000,ship,926,233,999,347
173.jpg,1000,1000,ship,758,632,855,746
173.jpg,1000,1000,ship,430,394,552,538
173.jpg,1000,1000,ship,292,573,407,697
173.jpg,1000,1000,ship,300,740,403,999
173.jpg,1000,1000,ship,543,854,642,957
173.jpg,1000,1000,ship,893,703,989,819
174.jpg,1000,1000,ship,300,1,403,284
174.jpg,1000,1000,ship,543,54,642,157
174.jpg,1000,1000,ship,652,365,771,546
174.jpg,1000,1000,ship,707,582,865,999
175.jpg,1000,1000,ship,181,673,236,849
175.jpg,1000,1000,ship,19,569,118,652
176.jpg,1000,1000,ship,297,364,374,543
176.jpg,1000,1000,ship,492,511,568,716
176.jpg,1000,1000,ship,65,861,210,914
176.jpg,1000,1000,ship,157,667,262,820
176.jpg,1000,1000,ship,372,694,478,796
176.jpg,1000,1000,ship,55,892,250,961
176.jpg,1000,1000,ship,59,933,216,996
176.jpg,1000,1000,ship,529,713,680,888
177.jpg,1000,1000,ship,65,61,210,114
177.jpg,1000,1000,ship,1,230,159,299
177.jpg,1000,1000,ship,281,232,427,323
177.jpg,1000,1000,ship,33,866,389,937
177.jpg,1000,1000,ship,55,92,250,161
177.jpg,1000,1000,ship,59,133,216,196
177.jpg,1000,1000,ship,202,304,450,383
177.jpg,1000,1000,ship,189,361,419,438
177.jpg,1000,1000,ship,529,1,680,88
177.jpg,1000,1000,ship,489,245,684,347
177.jpg,1000,1000,ship,462,373,696,426
177.jpg,1000,1000,ship,326,489,751,597
177.jpg,1000,1000,ship,521,619,745,688
177.jpg,1000,1000,ship,558,727,778,778
177.jpg,1000,1000,ship,574,855,839,912
178.jpg,1000,1000,ship,33,66,389,137
178.jpg,1000,1000,ship,574,55,839,112
178.jpg,1000,1000,ship,578,161,757,277
178.jpg,1000,1000,ship,348,757,686,828
178.jpg,1000,1000,ship,384,243,498,408
178.jpg,1000,1000,ship,152,431,282,504
178.jpg,1000,1000,ship,184,325,338,376
178.jpg,1000,1000,ship,182,423,321,461
178.jpg,1000,1000,ship,195,388,327,431
179.jpg,1000,1000,ship,605,486,814,602
179.jpg,1000,1000,ship,126,233,257,347
179.jpg,1000,1000,ship,1,632,55,746
179.jpg,1000,1000,ship,93,703,189,819
179.jpg,1000,1000,ship,184,905,257,999
18.jpg,1000,1000,ship,494,157,519,212
18.jpg,1000,1000,ship,603,108,670,180
18.jpg,1000,1000,ship,678,2,761,69
180.jpg,1000,1000,ship,184,105,257,254
180.jpg,1000,1000,ship,468,139,549,394
180.jpg,1000,1000,ship,193,267,301,561
180.jpg,1000,1000,ship,246,708,348,938
180.jpg,1000,1000,ship,508,531,619,755
181.jpg,1000,1000,ship,809,616,999,693
181.jpg,1000,1000,ship,822,652,999,720
181.jpg,1000,1000,ship,828,704,999,764
181.jpg,1000,1000,ship,859,766,999,843
181.jpg,1000,1000,ship,818,814,999,872
181.jpg,1000,1000,ship,853,901,999,949
181.jpg,1000,1000,ship,747,926,999,999
181.jpg,1000,1000,ship,841,928,999,994
182.jpg,1000,1000,ship,859,1,999,43
182.jpg,1000,1000,ship,818,14,999,72
182.jpg,1000,1000,ship,853,101,999,149
182.jpg,1000,1000,ship,747,126,999,238
182.jpg,1000,1000,ship,841,128,999,194
182.jpg,1000,1000,ship,798,955,999,999
182.jpg,1000,1000,ship,797,231,999,332
182.jpg,1000,1000,ship,750,396,999,495
182.jpg,1000,1000,ship,735,670,999,774
182.jpg,1000,1000,ship,762,850,999,951
182.jpg,1000,1000,ship,772,742,999,831
182.jpg,1000,1000,ship,780,794,999,905
183.jpg,1000,1000,ship,768,721,999,783
183.jpg,1000,1000,ship,857,684,999,742
183.jpg,1000,1000,ship,785,611,999,707
183.jpg,1000,1000,ship,822,572,999,653
183.jpg,1000,1000,ship,845,533,999,618
183.jpg,1000,1000,ship,816,489,999,580
183.jpg,1000,1000,ship,850,475,999,551
183.jpg,1000,1000,ship,804,196,990,253
183.jpg,1000,1000,ship,798,155,999,211
183.jpg,1000,1000,ship,906,442,999,506
183.jpg,1000,1000,ship,762,50,999,151
183.jpg,1000,1000,ship,780,1,999,105
184.jpg,1000,1000,ship,9,616,334,693
184.jpg,1000,1000,ship,22,652,286,720
184.jpg,1000,1000,ship,479,614,712,654
184.jpg,1000,1000,ship,28,704,346,764
184.jpg,1000,1000,ship,59,766,315,843
184.jpg,1000,1000,ship,18,814,309,872
184.jpg,1000,1000,ship,53,901,342,949
184.jpg,1000,1000,ship,1,926,338,999
184.jpg,1000,1000,ship,460,656,703,697
184.jpg,1000,1000,ship,439,704,737,758
184.jpg,1000,1000,ship,41,928,302,994
184.jpg,1000,1000,ship,435,756,723,810
184.jpg,1000,1000,ship,430,875,734,913
184.jpg,1000,1000,ship,419,774,701,826
184.jpg,1000,1000,ship,448,823,701,877
184.jpg,1000,1000,ship,595,981,701,999
185.jpg,1000,1000,ship,59,1,315,43
185.jpg,1000,1000,ship,18,14,309,72
185.jpg,1000,1000,ship,53,101,342,149
185.jpg,1000,1000,ship,1,126,338,238
185.jpg,1000,1000,ship,41,128,302,194
185.jpg,1000,1000,ship,1,955,218,999
185.jpg,1000,1000,ship,430,75,734,113
185.jpg,1000,1000,ship,448,23,701,77
185.jpg,1000,1000,ship,595,181,701,213
185.jpg,1000,1000,ship,1,231,327,332
185.jpg,1000,1000,ship,1,396,286,495
185.jpg,1000,1000,ship,39,569,377,641
185.jpg,1000,1000,ship,1,670,332,774
185.jpg,1000,1000,ship,1,850,434,951
185.jpg,1000,1000,ship,1,742,340,831
185.jpg,1000,1000,ship,1,794,392,905
186.jpg,1000,1000,ship,1,721,257,783
186.jpg,1000,1000,ship,57,684,307,742
186.jpg,1000,1000,ship,1,611,309,707
186.jpg,1000,1000,ship,22,572,319,653
186.jpg,1000,1000,ship,45,533,311,618
186.jpg,1000,1000,ship,16,489,332,580
186.jpg,1000,1000,ship,50,475,338,551
186.jpg,1000,1000,ship,4,196,190,253
186.jpg,1000,1000,ship,1,155,218,211
186.jpg,1000,1000,ship,106,442,274,506
186.jpg,1000,1000,ship,122,398,305,455
186.jpg,1000,1000,ship,536,425,761,465
186.jpg,1000,1000,ship,547,465,734,497
186.jpg,1000,1000,ship,509,522,716,556
186.jpg,1000,1000,ship,356,594,644,650
186.jpg,1000,1000,ship,338,896,543,939
186.jpg,1000,1000,ship,284,835,507,903
186.jpg,1000,1000,ship,1,50,434,151
186.jpg,1000,1000,ship,323,773,599,834
186.jpg,1000,1000,ship,332,639,599,686
186.jpg,1000,1000,ship,337,728,562,785
186.jpg,1000,1000,ship,1,1,392,105
187.jpg,1000,1000,ship,284,179,444,227
187.jpg,1000,1000,ship,338,96,543,139
187.jpg,1000,1000,ship,284,35,507,103
187.jpg,1000,1000,ship,323,1,599,34
188.jpg,1000,1000,ship,503,921,554,999
188.jpg,1000,1000,ship,197,531,282,587
189.jpg,1000,1000,ship,830,661,909,724
189.jpg,1000,1000,ship,653,671,757,770
189.jpg,1000,1000,ship,735,458,864,525
189.jpg,1000,1000,ship,408,770,493,853
189.jpg,1000,1000,ship,466,546,561,603
189.jpg,1000,1000,ship,532,469,613,531
189.jpg,1000,1000,ship,301,524,375,594
189.jpg,1000,1000,ship,217,706,286,790
19.jpg,1000,1000,ship,474,913,609,999
19.jpg,1000,1000,ship,753,642,834,732
19.jpg,1000,1000,ship,657,190,779,293
19.jpg,1000,1000,ship,571,355,705,435
19.jpg,1000,1000,ship,887,17,999,116
19.jpg,1000,1000,ship,765,406,832,512
190.jpg,1000,1000,ship,671,543,798,594
190.jpg,1000,1000,ship,505,545,591,607
190.jpg,1000,1000,ship,674,207,741,354
190.jpg,1000,1000,ship,815,249,875,339
190.jpg,1000,1000,ship,828,502,905,664
190.jpg,1000,1000,ship,30,661,109,724
191.jpg,1000,1000,ship,807,892,886,999
191.jpg,1000,1000,ship,719,844,781,924
191.jpg,1000,1000,ship,694,818,745,883
192.jpg,1000,1000,ship,934,413,999,527
192.jpg,1000,1000,ship,219,348,276,387
192.jpg,1000,1000,ship,209,364,264,403
192.jpg,1000,1000,ship,417,388,518,472
192.jpg,1000,1000,ship,317,305,427,395
192.jpg,1000,1000,ship,458,350,542,423
192.jpg,1000,1000,ship,375,292,454,362
192.jpg,1000,1000,ship,807,92,886,207
192.jpg,1000,1000,ship,719,44,781,124
192.jpg,1000,1000,ship,694,18,745,83
192.jpg,1000,1000,ship,404,187,485,249
192.jpg,1000,1000,ship,479,249,559,312
193.jpg,1000,1000,ship,893,874,999,927
193.jpg,1000,1000,ship,736,866,849,967
193.jpg,1000,1000,ship,787,631,982,682
194.jpg,1000,1000,ship,893,74,999,127
194.jpg,1000,1000,ship,736,66,849,167
194.jpg,1000,1000,ship,735,827,833,926
194.jpg,1000,1000,ship,905,923,999,999
195.jpg,1000,1000,ship,735,27,833,126
195.jpg,1000,1000,ship,905,123,999,263
195.jpg,1000,1000,ship,772,254,877,329
195.jpg,1000,1000,ship,629,391,763,453
196.jpg,1000,1000,ship,236,500,321,591
196.jpg,1000,1000,ship,15,249,75,339
196.jpg,1000,1000,ship,28,502,105,664
197.jpg,1000,1000,ship,134,413,210,527
197.jpg,1000,1000,ship,383,607,489,689
197.jpg,1000,1000,ship,258,611,320,679
197.jpg,1000,1000,ship,460,753,542,829
197.jpg,1000,1000,ship,7,92,86,207
198.jpg,1000,1000,ship,875,545,970,733
198.jpg,1000,1000,ship,902,744,999,953
198.jpg,1000,1000,ship,737,707,837,881
198.jpg,1000,1000,ship,416,956,551,999
198.jpg,1000,1000,ship,527,714,630,863
198.jpg,1000,1000,ship,668,458,761,634
199.jpg,1000,1000,ship,902,1,999,153
199.jpg,1000,1000,ship,687,179,836,231
199.jpg,1000,1000,ship,650,266,812,359
199.jpg,1000,1000,ship,610,304,793,377
199.jpg,1000,1000,ship,572,350,785,419
199.jpg,1000,1000,ship,563,395,763,467
199.jpg,1000,1000,ship,563,450,744,510
199.jpg,1000,1000,ship,317,245,534,366
199.jpg,1000,1000,ship,272,492,419,563
199.jpg,1000,1000,ship,804,366,980,478
199.jpg,1000,1000,ship,416,156,551,210
199.jpg,1000,1000,ship,642,632,813,704
199.jpg,1000,1000,ship,215,737,346,790
199.jpg,1000,1000,ship,93,874,202,927
199.jpg,1000,1000,ship,434,904,815,999
199.jpg,1000,1000,ship,1,631,182,682
199.jpg,1000,1000,ship,888,797,999,859
2.jpg,1000,1000,ship,944,186,984,213
2.jpg,1000,1000,ship,892,157,935,186
2.jpg,1000,1000,ship,826,121,884,157
2.jpg,1000,1000,ship,483,699,559,740
2.jpg,1000,1000,ship,363,716,414,742
2.jpg,1000,1000,ship,281,744,307,760
2.jpg,1000,1000,ship,808,662,836,681
20.jpg,1000,1000,ship,285,754,353,797
20.jpg,1000,1000,ship,474,113,609,266
200.jpg,1000,1000,ship,93,74,202,127
200.jpg,1000,1000,ship,434,104,815,209
200.jpg,1000,1000,ship,288,634,428,733
200.jpg,1000,1000,ship,733,842,999,931
200.jpg,1000,1000,ship,807,807,999,870
200.jpg,1000,1000,ship,852,529,999,599
200.jpg,1000,1000,ship,677,547,804,636
200.jpg,1000,1000,ship,757,314,914,442
200.jpg,1000,1000,ship,171,212,289,275
200.jpg,1000,1000,ship,866,367,999,436
200.jpg,1000,1000,ship,863,231,999,297
200.jpg,1000,1000,ship,888,1,999,59
200.jpg,1000,1000,ship,105,923,222,999
201.jpg,1000,1000,ship,733,42,999,131
201.jpg,1000,1000,ship,807,7,999,70
201.jpg,1000,1000,ship,816,439,993,496
201.jpg,1000,1000,ship,640,671,824,764
201.jpg,1000,1000,ship,288,642,392,721
201.jpg,1000,1000,ship,309,358,391,479
201.jpg,1000,1000,ship,450,253,547,366
201.jpg,1000,1000,ship,105,123,222,263
201.jpg,1000,1000,ship,1,254,77,329
201.jpg,1000,1000,ship,584,862,751,913
201.jpg,1000,1000,ship,326,916,467,999
202.jpg,1000,1000,ship,894,668,999,739
202.jpg,1000,1000,ship,584,62,751,113
202.jpg,1000,1000,ship,326,116,467,224
202.jpg,1000,1000,ship,233,809,393,870
202.jpg,1000,1000,ship,295,385,446,470
203.jpg,1000,1000,ship,75,545,170,733
203.jpg,1000,1000,ship,102,744,215,953
204.jpg,1000,1000,ship,102,1,215,153
204.jpg,1000,1000,ship,4,366,180,478
204.jpg,1000,1000,ship,96,915,315,994
204.jpg,1000,1000,ship,109,848,321,920
204.jpg,1000,1000,ship,88,797,293,859
204.jpg,1000,1000,ship,823,950,929,999
205.jpg,1000,1000,ship,1,842,230,931
205.jpg,1000,1000,ship,7,807,206,870
205.jpg,1000,1000,ship,52,529,218,599
205.jpg,1000,1000,ship,1,314,114,442
205.jpg,1000,1000,ship,66,367,256,436
205.jpg,1000,1000,ship,63,231,267,297
205.jpg,1000,1000,ship,96,115,315,194
205.jpg,1000,1000,ship,109,48,321,120
205.jpg,1000,1000,ship,88,1,293,59
205.jpg,1000,1000,ship,823,150,929,207
205.jpg,1000,1000,ship,823,247,907,292
205.jpg,1000,1000,ship,847,580,923,656
205.jpg,1000,1000,ship,847,756,928,807
205.jpg,1000,1000,ship,861,847,917,889
205.jpg,1000,1000,ship,838,404,925,443
205.jpg,1000,1000,ship,842,457,925,520
206.jpg,1000,1000,ship,1,42,230,131
206.jpg,1000,1000,ship,7,7,206,70
206.jpg,1000,1000,ship,861,47,917,89
206.jpg,1000,1000,ship,891,244,941,317
206.jpg,1000,1000,ship,853,358,929,412
206.jpg,1000,1000,ship,867,609,943,664
206.jpg,1000,1000,ship,860,726,937,786
206.jpg,1000,1000,ship,868,850,956,946
206.jpg,1000,1000,ship,16,439,193,496
207.jpg,1000,1000,ship,868,50,956,146
207.jpg,1000,1000,ship,131,951,272,999
207.jpg,1000,1000,ship,686,631,726,767
207.jpg,1000,1000,ship,94,668,248,739
207.jpg,1000,1000,ship,470,355,515,487
207.jpg,1000,1000,ship,147,324,358,398
208.jpg,1000,1000,ship,23,950,129,999
208.jpg,1000,1000,ship,421,597,666,645
208.jpg,1000,1000,ship,425,647,692,712
208.jpg,1000,1000,ship,401,693,688,755
208.jpg,1000,1000,ship,418,741,701,794
208.jpg,1000,1000,ship,420,773,698,832
208.jpg,1000,1000,ship,435,792,668,873
208.jpg,1000,1000,ship,417,840,655,909
208.jpg,1000,1000,ship,437,881,655,959
208.jpg,1000,1000,ship,373,930,713,999
208.jpg,1000,1000,ship,825,659,999,708
208.jpg,1000,1000,ship,820,701,999,756
208.jpg,1000,1000,ship,856,739,999,789
208.jpg,1000,1000,ship,869,775,999,821
208.jpg,1000,1000,ship,813,794,999,861
208.jpg,1000,1000,ship,786,839,999,908
208.jpg,1000,1000,ship,802,891,999,971
209.jpg,1000,1000,ship,23,150,129,207
209.jpg,1000,1000,ship,23,247,107,292
209.jpg,1000,1000,ship,47,580,123,656
209.jpg,1000,1000,ship,47,756,128,807
209.jpg,1000,1000,ship,61,847,117,889
209.jpg,1000,1000,ship,38,404,125,443
209.jpg,1000,1000,ship,42,457,125,520
209.jpg,1000,1000,ship,420,1,698,32
209.jpg,1000,1000,ship,435,1,668,73
209.jpg,1000,1000,ship,417,40,655,109
209.jpg,1000,1000,ship,437,81,655,159
209.jpg,1000,1000,ship,373,130,713,225
209.jpg,1000,1000,ship,302,189,707,294
209.jpg,1000,1000,ship,368,248,707,335
209.jpg,1000,1000,ship,401,302,712,370
209.jpg,1000,1000,ship,394,340,672,404
209.jpg,1000,1000,ship,384,379,675,444
209.jpg,1000,1000,ship,813,1,999,61
209.jpg,1000,1000,ship,786,39,999,108
209.jpg,1000,1000,ship,330,417,715,486
209.jpg,1000,1000,ship,338,468,722,535
209.jpg,1000,1000,ship,310,523,711,638
209.jpg,1000,1000,ship,446,522,727,586
209.jpg,1000,1000,ship,308,578,654,710
209.jpg,1000,1000,ship,439,700,696,758
209.jpg,1000,1000,ship,338,713,724,830
209.jpg,1000,1000,ship,302,823,751,978
209.jpg,1000,1000,ship,411,946,671,999
209.jpg,1000,1000,ship,342,768,730,921
209.jpg,1000,1000,ship,802,91,999,171
21.jpg,1000,1000,ship,595,415,631,458
21.jpg,1000,1000,ship,910,758,981,820
210.jpg,1000,1000,ship,61,47,117,89
210.jpg,1000,1000,ship,91,244,141,317
210.jpg,1000,1000,ship,53,358,129,412
210.jpg,1000,1000,ship,67,609,143,664
210.jpg,1000,1000,ship,60,726,137,786
210.jpg,1000,1000,ship,68,850,156,946
210.jpg,1000,1000,ship,332,744,660,820
210.jpg,1000,1000,ship,384,697,654,768
210.jpg,1000,1000,ship,392,650,655,730
210.jpg,1000,1000,ship,398,609,670,688
210.jpg,1000,1000,ship,427,571,673,649
210.jpg,1000,1000,ship,454,550,679,601
210.jpg,1000,1000,ship,481,509,691,564
210.jpg,1000,1000,ship,478,424,664,525
210.jpg,1000,1000,ship,339,484,401,511
210.jpg,1000,1000,ship,322,444,405,490
210.jpg,1000,1000,ship,701,965,845,999
210.jpg,1000,1000,ship,744,933,863,979
210.jpg,1000,1000,ship,680,844,876,904
210.jpg,1000,1000,ship,719,890,864,947
210.jpg,1000,1000,ship,728,796,926,863
210.jpg,1000,1000,ship,729,750,931,827
210.jpg,1000,1000,ship,733,710,947,785
210.jpg,1000,1000,ship,737,671,950,758
210.jpg,1000,1000,ship,753,625,889,694
210.jpg,1000,1000,ship,778,568,876,613
210.jpg,1000,1000,ship,911,611,999,668
210.jpg,1000,1000,ship,815,422,877,456
210.jpg,1000,1000,ship,785,440,878,477
210.jpg,1000,1000,ship,793,485,861,512
210.jpg,1000,1000,ship,787,532,875,567
210.jpg,1000,1000,ship,507,352,666,402
210.jpg,1000,1000,ship,302,23,751,178
210.jpg,1000,1000,ship,371,198,690,287
210.jpg,1000,1000,ship,411,146,671,213
210.jpg,1000,1000,ship,552,311,700,360
210.jpg,1000,1000,ship,336,323,463,412
210.jpg,1000,1000,ship,342,1,730,121
211.jpg,1000,1000,ship,68,50,156,146
211.jpg,1000,1000,ship,660,193,861,261
211.jpg,1000,1000,ship,701,165,845,221
211.jpg,1000,1000,ship,744,133,863,179
211.jpg,1000,1000,ship,680,44,876,104
211.jpg,1000,1000,ship,719,90,864,147
211.jpg,1000,1000,ship,728,1,926,63
212.jpg,1000,1000,ship,25,659,203,708
212.jpg,1000,1000,ship,20,701,299,756
212.jpg,1000,1000,ship,56,739,296,789
212.jpg,1000,1000,ship,69,775,286,821
212.jpg,1000,1000,ship,13,794,285,861
212.jpg,1000,1000,ship,1,839,343,908
212.jpg,1000,1000,ship,2,891,284,971
213.jpg,1000,1000,ship,13,1,285,61
213.jpg,1000,1000,ship,1,39,343,108
213.jpg,1000,1000,ship,2,91,284,171
214.jpg,1000,1000,ship,94,452,314,504
214.jpg,1000,1000,ship,108,490,301,532
214.jpg,1000,1000,ship,104,517,302,561
214.jpg,1000,1000,ship,99,554,318,603
214.jpg,1000,1000,ship,1,933,63,979
214.jpg,1000,1000,ship,1,796,126,863
214.jpg,1000,1000,ship,1,750,131,827
214.jpg,1000,1000,ship,1,710,147,785
214.jpg,1000,1000,ship,1,671,150,758
214.jpg,1000,1000,ship,1,625,89,694
214.jpg,1000,1000,ship,1,568,76,613
214.jpg,1000,1000,ship,120,580,280,634
214.jpg,1000,1000,ship,111,611,227,668
214.jpg,1000,1000,ship,15,422,77,456
214.jpg,1000,1000,ship,1,440,78,477
214.jpg,1000,1000,ship,1,485,61,512
214.jpg,1000,1000,ship,1,532,75,567
215.jpg,1000,1000,ship,1,133,63,179
215.jpg,1000,1000,ship,1,1,126,63
216.jpg,1000,1000,ship,167,278,233,442
216.jpg,1000,1000,ship,438,51,487,196
216.jpg,1000,1000,ship,508,143,535,273
216.jpg,1000,1000,ship,496,272,539,407
216.jpg,1000,1000,ship,461,260,501,396
216.jpg,1000,1000,ship,469,137,509,268
217.jpg,1000,1000,ship,927,283,999,376
217.jpg,1000,1000,ship,841,305,999,427
217.jpg,1000,1000,ship,874,382,971,464
217.jpg,1000,1000,ship,851,751,999,803
217.jpg,1000,1000,ship,853,790,999,836
217.jpg,1000,1000,ship,907,827,999,864
217.jpg,1000,1000,ship,909,859,999,889
217.jpg,1000,1000,ship,920,883,999,920
217.jpg,1000,1000,ship,913,915,999,951
217.jpg,1000,1000,ship,897,940,999,977
217.jpg,1000,1000,ship,893,967,999,999
217.jpg,1000,1000,ship,871,438,981,540
217.jpg,1000,1000,ship,844,493,977,584
217.jpg,1000,1000,ship,826,580,949,630
217.jpg,1000,1000,ship,831,537,957,602
217.jpg,1000,1000,ship,592,555,821,604
217.jpg,1000,1000,ship,605,598,727,636
217.jpg,1000,1000,ship,629,633,697,670
218.jpg,1000,1000,ship,853,1,999,36
218.jpg,1000,1000,ship,907,27,999,64
218.jpg,1000,1000,ship,909,59,999,89
218.jpg,1000,1000,ship,897,200,999,236
218.jpg,1000,1000,ship,920,83,999,120
218.jpg,1000,1000,ship,913,115,999,151
218.jpg,1000,1000,ship,897,140,999,177
218.jpg,1000,1000,ship,893,167,999,203
219.jpg,1000,1000,ship,179,218,302,312
219.jpg,1000,1000,ship,151,257,277,345
219.jpg,1000,1000,ship,127,283,244,376
219.jpg,1000,1000,ship,41,305,215,427
219.jpg,1000,1000,ship,74,382,171,464
219.jpg,1000,1000,ship,400,537,545,600
219.jpg,1000,1000,ship,253,506,386,566
219.jpg,1000,1000,ship,213,539,376,605
219.jpg,1000,1000,ship,381,578,518,672
219.jpg,1000,1000,ship,387,631,492,696
219.jpg,1000,1000,ship,375,649,476,726
219.jpg,1000,1000,ship,352,680,461,751
219.jpg,1000,1000,ship,340,700,433,787
219.jpg,1000,1000,ship,179,649,355,704
219.jpg,1000,1000,ship,184,560,345,634
219.jpg,1000,1000,ship,51,751,251,803
219.jpg,1000,1000,ship,53,790,259,836
219.jpg,1000,1000,ship,107,827,239,864
219.jpg,1000,1000,ship,109,859,232,889
219.jpg,1000,1000,ship,120,883,234,920
219.jpg,1000,1000,ship,113,915,237,951
219.jpg,1000,1000,ship,97,940,225,977
219.jpg,1000,1000,ship,93,967,222,999
219.jpg,1000,1000,ship,71,438,181,540
219.jpg,1000,1000,ship,44,493,177,584
219.jpg,1000,1000,ship,171,614,239,639
219.jpg,1000,1000,ship,177,588,250,617
219.jpg,1000,1000,ship,26,580,149,630
219.jpg,1000,1000,ship,31,537,157,602
219.jpg,1000,1000,ship,846,267,914,402
219.jpg,1000,1000,ship,584,537,735,620
219.jpg,1000,1000,ship,630,812,732,866
219.jpg,1000,1000,ship,624,838,716,889
219.jpg,1000,1000,ship,606,865,731,947
22.jpg,1000,1000,ship,604,171,657,233
22.jpg,1000,1000,ship,857,235,936,303
220.jpg,1000,1000,ship,53,1,259,36
220.jpg,1000,1000,ship,107,27,239,64
220.jpg,1000,1000,ship,109,59,232,89
220.jpg,1000,1000,ship,97,200,213,236
220.jpg,1000,1000,ship,120,83,234,120
220.jpg,1000,1000,ship,113,115,237,151
220.jpg,1000,1000,ship,97,140,225,177
220.jpg,1000,1000,ship,93,167,222,203
220.jpg,1000,1000,ship,314,472,468,534
220.jpg,1000,1000,ship,392,398,536,485
220.jpg,1000,1000,ship,333,424,468,495
220.jpg,1000,1000,ship,630,12,732,66
220.jpg,1000,1000,ship,624,38,716,89
220.jpg,1000,1000,ship,440,347,529,422
220.jpg,1000,1000,ship,606,65,731,147
220.jpg,1000,1000,ship,431,248,540,317
220.jpg,1000,1000,ship,528,166,636,241
220.jpg,1000,1000,ship,495,196,603,282
220.jpg,1000,1000,ship,466,319,587,427
220.jpg,1000,1000,ship,520,308,653,407
220.jpg,1000,1000,ship,587,276,673,361
221.jpg,1000,1000,ship,313,866,535,999
221.jpg,1000,1000,ship,330,132,385,283
222.jpg,1000,1000,ship,368,114,431,187
222.jpg,1000,1000,ship,257,194,321,264
222.jpg,1000,1000,ship,173,334,252,394
222.jpg,1000,1000,ship,339,421,408,478
222.jpg,1000,1000,ship,439,273,523,342
222.jpg,1000,1000,ship,502,290,615,361
222.jpg,1000,1000,ship,570,268,629,325
222.jpg,1000,1000,ship,580,381,632,450
222.jpg,1000,1000,ship,481,490,533,532
222.jpg,1000,1000,ship,762,433,841,516
222.jpg,1000,1000,ship,795,444,853,493
222.jpg,1000,1000,ship,699,482,766,552
222.jpg,1000,1000,ship,398,643,495,736
222.jpg,1000,1000,ship,604,560,671,609
222.jpg,1000,1000,ship,858,596,914,658
222.jpg,1000,1000,ship,766,672,831,738
222.jpg,1000,1000,ship,907,538,933,578
222.jpg,1000,1000,ship,931,699,999,791
222.jpg,1000,1000,ship,861,788,919,854
222.jpg,1000,1000,ship,566,600,592,633
222.jpg,1000,1000,ship,467,611,494,628
223.jpg,1000,1000,ship,861,1,919,54
223.jpg,1000,1000,ship,956,314,984,356
224.jpg,1000,1000,ship,1,433,41,516
224.jpg,1000,1000,ship,1,444,53,493
224.jpg,1000,1000,ship,58,596,114,658
224.jpg,1000,1000,ship,107,538,133,578
224.jpg,1000,1000,ship,167,648,258,747
224.jpg,1000,1000,ship,131,699,204,791
224.jpg,1000,1000,ship,61,788,119,854
224.jpg,1000,1000,ship,284,756,322,798
224.jpg,1000,1000,ship,244,813,272,851
224.jpg,1000,1000,ship,189,841,240,893
224.jpg,1000,1000,ship,282,860,369,942
225.jpg,1000,1000,ship,61,1,119,54
225.jpg,1000,1000,ship,244,13,272,51
225.jpg,1000,1000,ship,189,41,240,93
225.jpg,1000,1000,ship,282,60,369,142
225.jpg,1000,1000,ship,156,314,184,356
225.jpg,1000,1000,ship,210,244,238,281
225.jpg,1000,1000,ship,359,237,408,284
225.jpg,1000,1000,ship,474,325,544,392
225.jpg,1000,1000,ship,534,285,573,333
225.jpg,1000,1000,ship,399,401,481,455
225.jpg,1000,1000,ship,342,451,445,539
226.jpg,1000,1000,ship,952,387,989,472
226.jpg,1000,1000,ship,698,784,812,910
226.jpg,1000,1000,ship,94,862,191,975
227.jpg,1000,1000,ship,700,173,827,359
227.jpg,1000,1000,ship,779,142,880,298
227.jpg,1000,1000,ship,679,334,822,519
227.jpg,1000,1000,ship,698,1,812,110
227.jpg,1000,1000,ship,94,62,191,175
227.jpg,1000,1000,ship,372,230,462,315
227.jpg,1000,1000,ship,347,558,439,655
227.jpg,1000,1000,ship,512,767,593,877
227.jpg,1000,1000,ship,666,896,720,948
228.jpg,1000,1000,ship,512,1,593,77
228.jpg,1000,1000,ship,666,96,720,148
228.jpg,1000,1000,ship,920,163,980,262
229.jpg,1000,1000,ship,291,401,485,463
229.jpg,1000,1000,ship,317,458,510,548
229.jpg,1000,1000,ship,323,503,498,595
229.jpg,1000,1000,ship,385,574,531,657
229.jpg,1000,1000,ship,152,387,189,472
23.jpg,1000,1000,ship,724,934,790,999
23.jpg,1000,1000,ship,759,941,821,999
230.jpg,1000,1000,ship,120,163,180,262
230.jpg,1000,1000,ship,297,331,329,423
231.jpg,1000,1000,ship,786,296,935,374
231.jpg,1000,1000,ship,486,137,563,213
232.jpg,1000,1000,ship,595,64,774,449
232.jpg,1000,1000,ship,729,467,859,725
233.jpg,1000,1000,ship,162,229,262,316
233.jpg,1000,1000,ship,577,493,687,554
234.jpg,1000,1000,ship,239,657,380,714
234.jpg,1000,1000,ship,304,814,457,914
235.jpg,1000,1000,ship,304,14,457,114
235.jpg,1000,1000,ship,1,296,135,374
236.jpg,1000,1000,ship,589,904,751,979
236.jpg,1000,1000,ship,252,867,416,954
236.jpg,1000,1000,ship,784,937,915,992
236.jpg,1000,1000,ship,492,724,637,782
236.jpg,1000,1000,ship,593,519,723,593
236.jpg,1000,1000,ship,839,675,983,731
237.jpg,1000,1000,ship,711,708,858,775
237.jpg,1000,1000,ship,874,517,999,589
237.jpg,1000,1000,ship,714,427,890,468
237.jpg,1000,1000,ship,377,570,527,631
237.jpg,1000,1000,ship,83,625,237,686
237.jpg,1000,1000,ship,441,315,589,371
237.jpg,1000,1000,ship,589,104,751,179
237.jpg,1000,1000,ship,252,67,416,154
237.jpg,1000,1000,ship,784,137,915,192
237.jpg,1000,1000,ship,334,877,464,937
238.jpg,1000,1000,ship,819,261,925,327
238.jpg,1000,1000,ship,543,410,751,474
238.jpg,1000,1000,ship,358,913,503,987
238.jpg,1000,1000,ship,534,621,685,723
238.jpg,1000,1000,ship,334,77,464,137
239.jpg,1000,1000,ship,131,115,264,404
239.jpg,1000,1000,ship,380,67,425,172
24.jpg,1000,1000,ship,190,720,307,816
24.jpg,1000,1000,ship,87,817,200,916
24.jpg,1000,1000,ship,518,236,569,353
24.jpg,1000,1000,ship,724,134,790,238
24.jpg,1000,1000,ship,759,141,821,244
24.jpg,1000,1000,ship,814,149,857,292
24.jpg,1000,1000,ship,860,161,906,319
24.jpg,1000,1000,ship,628,815,743,897
240.jpg,1000,1000,ship,547,877,654,950
240.jpg,1000,1000,ship,552,828,657,900
240.jpg,1000,1000,ship,554,802,676,866
240.jpg,1000,1000,ship,582,762,735,847
240.jpg,1000,1000,ship,416,670,538,750
241.jpg,1000,1000,ship,580,702,726,759
241.jpg,1000,1000,ship,878,194,980,268
241.jpg,1000,1000,ship,547,77,654,150
241.jpg,1000,1000,ship,552,28,657,100
241.jpg,1000,1000,ship,554,2,676,66
241.jpg,1000,1000,ship,582,1,735,47
242.jpg,1000,1000,ship,797,912,920,970
242.jpg,1000,1000,ship,1,937,115,992
242.jpg,1000,1000,ship,248,927,411,999
242.jpg,1000,1000,ship,39,675,183,731
242.jpg,1000,1000,ship,434,712,596,758
243.jpg,1000,1000,ship,858,850,999,919
243.jpg,1000,1000,ship,584,869,747,927
243.jpg,1000,1000,ship,299,669,464,740
243.jpg,1000,1000,ship,162,884,323,979
243.jpg,1000,1000,ship,74,517,239,589
243.jpg,1000,1000,ship,542,531,725,585
243.jpg,1000,1000,ship,895,605,999,651
243.jpg,1000,1000,ship,905,386,999,449
243.jpg,1000,1000,ship,668,356,822,427
243.jpg,1000,1000,ship,538,261,694,341
243.jpg,1000,1000,ship,797,112,920,170
243.jpg,1000,1000,ship,266,301,397,372
243.jpg,1000,1000,ship,1,427,90,468
243.jpg,1000,1000,ship,1,137,115,192
243.jpg,1000,1000,ship,248,127,411,199
244.jpg,1000,1000,ship,858,50,999,119
244.jpg,1000,1000,ship,584,69,747,127
244.jpg,1000,1000,ship,383,259,493,311
244.jpg,1000,1000,ship,551,553,699,607
244.jpg,1000,1000,ship,617,773,738,851
244.jpg,1000,1000,ship,721,648,873,721
244.jpg,1000,1000,ship,162,84,323,179
244.jpg,1000,1000,ship,19,261,125,327
245.jpg,1000,1000,ship,493,393,731,442
245.jpg,1000,1000,ship,827,400,977,486
245.jpg,1000,1000,ship,617,1,738,51
245.jpg,1000,1000,ship,494,899,650,958
246.jpg,1000,1000,ship,84,538,377,672
246.jpg,1000,1000,ship,414,432,695,557
246.jpg,1000,1000,ship,728,336,999,452
247.jpg,1000,1000,ship,642,491,999,726
247.jpg,1000,1000,ship,311,128,473,442
248.jpg,1000,1000,ship,1,581,416,843
248.jpg,1000,1000,ship,467,402,986,617
249.jpg,1000,1000,ship,419,414,535,466
249.jpg,1000,1000,ship,445,393,546,465
249.jpg,1000,1000,ship,497,367,717,492
249.jpg,1000,1000,ship,364,283,507,361
249.jpg,1000,1000,ship,305,302,468,407
249.jpg,1000,1000,ship,172,236,296,322
249.jpg,1000,1000,ship,199,204,359,274
249.jpg,1000,1000,ship,78,194,180,268
25.jpg,1000,1000,ship,87,17,200,116
25.jpg,1000,1000,ship,628,15,743,97
25.jpg,1000,1000,ship,489,186,521,250
25.jpg,1000,1000,ship,464,362,503,460
25.jpg,1000,1000,ship,355,565,373,628
25.jpg,1000,1000,ship,348,729,397,766
25.jpg,1000,1000,ship,366,709,403,743
25.jpg,1000,1000,ship,379,704,424,738
250.jpg,1000,1000,ship,1,912,120,970
250.jpg,1000,1000,ship,208,269,388,329
250.jpg,1000,1000,ship,508,589,556,736
250.jpg,1000,1000,ship,197,334,276,481
251.jpg,1000,1000,ship,398,918,621,999
251.jpg,1000,1000,ship,58,850,237,919
251.jpg,1000,1000,ship,95,605,246,651
251.jpg,1000,1000,ship,472,515,589,564
251.jpg,1000,1000,ship,105,386,268,449
251.jpg,1000,1000,ship,1,112,120,170
252.jpg,1000,1000,ship,398,118,621,204
252.jpg,1000,1000,ship,58,50,237,119
252.jpg,1000,1000,ship,445,950,623,995
252.jpg,1000,1000,ship,148,862,296,911
252.jpg,1000,1000,ship,395,609,535,701
252.jpg,1000,1000,ship,738,562,932,652
252.jpg,1000,1000,ship,868,734,935,935
253.jpg,1000,1000,ship,27,400,177,486
253.jpg,1000,1000,ship,445,150,623,195
253.jpg,1000,1000,ship,148,62,296,111
253.jpg,1000,1000,ship,868,1,935,135
254.jpg,1000,1000,ship,412,535,539,623
254.jpg,1000,1000,ship,253,472,397,566
254.jpg,1000,1000,ship,274,933,325,999
255.jpg,1000,1000,ship,552,321,900,502
255.jpg,1000,1000,ship,1,491,400,726
255.jpg,1000,1000,ship,898,456,931,529
255.jpg,1000,1000,ship,858,476,883,545
255.jpg,1000,1000,ship,450,517,487,545
256.jpg,1000,1000,ship,684,802,925,894
256.jpg,1000,1000,ship,689,872,950,999
256.jpg,1000,1000,ship,444,844,672,929
257.jpg,1000,1000,ship,684,2,925,94
257.jpg,1000,1000,ship,689,72,950,201
257.jpg,1000,1000,ship,678,391,934,518
257.jpg,1000,1000,ship,444,44,672,129
257.jpg,1000,1000,ship,646,167,825,268
257.jpg,1000,1000,ship,825,252,909,328
257.jpg,1000,1000,ship,523,304,711,413
257.jpg,1000,1000,ship,519,194,690,305
258.jpg,1000,1000,ship,1,562,132,652
258.jpg,1000,1000,ship,68,734,135,935
259.jpg,1000,1000,ship,82,817,622,999
259.jpg,1000,1000,ship,98,456,131,529
259.jpg,1000,1000,ship,58,476,83,545
26.jpg,1000,1000,ship,380,908,471,972
26.jpg,1000,1000,ship,755,522,827,646
260.jpg,1000,1000,ship,1,802,125,894
260.jpg,1000,1000,ship,1,872,150,999
261.jpg,1000,1000,ship,1,2,125,94
261.jpg,1000,1000,ship,1,72,150,201
261.jpg,1000,1000,ship,1,391,134,518
261.jpg,1000,1000,ship,25,252,109,328
262.jpg,1000,1000,ship,640,371,776,447
262.jpg,1000,1000,ship,929,244,999,288
262.jpg,1000,1000,ship,799,149,864,194
263.jpg,1000,1000,ship,659,884,705,909
263.jpg,1000,1000,ship,489,977,527,999
263.jpg,1000,1000,ship,605,920,638,954
263.jpg,1000,1000,ship,1,949,64,994
264.jpg,1000,1000,ship,736,569,803,601
264.jpg,1000,1000,ship,607,493,701,549
264.jpg,1000,1000,ship,676,386,769,449
264.jpg,1000,1000,ship,710,290,783,327
264.jpg,1000,1000,ship,375,514,488,567
264.jpg,1000,1000,ship,350,354,472,423
264.jpg,1000,1000,ship,263,464,331,490
264.jpg,1000,1000,ship,659,84,705,109
264.jpg,1000,1000,ship,617,202,684,238
264.jpg,1000,1000,ship,484,244,545,276
264.jpg,1000,1000,ship,489,177,527,220
264.jpg,1000,1000,ship,605,120,638,154
264.jpg,1000,1000,ship,129,244,201,288
264.jpg,1000,1000,ship,1,149,64,194
265.jpg,1000,1000,ship,679,347,758,448
265.jpg,1000,1000,ship,720,504,789,573
265.jpg,1000,1000,ship,859,475,969,572
265.jpg,1000,1000,ship,925,589,999,699
265.jpg,1000,1000,ship,1,891,26,967
266.jpg,1000,1000,ship,866,924,999,989
266.jpg,1000,1000,ship,831,886,999,937
266.jpg,1000,1000,ship,693,238,720,325
267.jpg,1000,1000,ship,780,754,999,804
267.jpg,1000,1000,ship,618,686,727,769
267.jpg,1000,1000,ship,806,438,999,504
267.jpg,1000,1000,ship,791,323,999,404
267.jpg,1000,1000,ship,825,302,976,353
267.jpg,1000,1000,ship,875,185,999,233
267.jpg,1000,1000,ship,866,124,999,189
267.jpg,1000,1000,ship,831,86,999,137
268.jpg,1000,1000,ship,722,211,839,289
268.jpg,1000,1000,ship,835,345,959,426
268.jpg,1000,1000,ship,743,532,910,668
268.jpg,1000,1000,ship,806,801,999,885
269.jpg,1000,1000,ship,806,1,999,85
269.jpg,1000,1000,ship,636,256,779,315
269.jpg,1000,1000,ship,728,446,902,514
269.jpg,1000,1000,ship,628,780,784,840
27.jpg,1000,1000,ship,110,758,181,820
27.jpg,1000,1000,ship,338,880,409,950
27.jpg,1000,1000,ship,733,416,801,468
27.jpg,1000,1000,ship,380,108,471,172
270.jpg,1000,1000,ship,628,1,784,40
270.jpg,1000,1000,ship,777,316,929,391
270.jpg,1000,1000,ship,783,609,932,678
270.jpg,1000,1000,ship,1,488,41,539
271.jpg,1000,1000,ship,59,475,169,572
271.jpg,1000,1000,ship,125,589,233,699
272.jpg,1000,1000,ship,338,337,391,461
272.jpg,1000,1000,ship,392,340,425,483
272.jpg,1000,1000,ship,540,379,609,612
272.jpg,1000,1000,ship,597,384,651,626
272.jpg,1000,1000,ship,188,596,308,727
272.jpg,1000,1000,ship,414,574,525,706
272.jpg,1000,1000,ship,565,638,678,811
272.jpg,1000,1000,ship,66,924,255,989
272.jpg,1000,1000,ship,31,886,214,937
272.jpg,1000,1000,ship,311,920,476,995
272.jpg,1000,1000,ship,518,928,756,999
272.jpg,1000,1000,ship,529,884,704,961
273.jpg,1000,1000,ship,471,764,815,838
273.jpg,1000,1000,ship,515,723,823,787
273.jpg,1000,1000,ship,369,396,768,482
273.jpg,1000,1000,ship,211,558,654,639
273.jpg,1000,1000,ship,391,423,556,490
273.jpg,1000,1000,ship,94,719,394,794
273.jpg,1000,1000,ship,1,754,240,804
273.jpg,1000,1000,ship,6,438,243,504
273.jpg,1000,1000,ship,1,323,225,404
273.jpg,1000,1000,ship,25,302,176,353
273.jpg,1000,1000,ship,75,185,255,233
273.jpg,1000,1000,ship,66,124,255,189
273.jpg,1000,1000,ship,31,86,214,137
273.jpg,1000,1000,ship,311,120,476,195
273.jpg,1000,1000,ship,339,244,740,321
273.jpg,1000,1000,ship,458,301,669,358
273.jpg,1000,1000,ship,465,203,713,260
273.jpg,1000,1000,ship,518,128,756,201
273.jpg,1000,1000,ship,529,84,704,161
274.jpg,1000,1000,ship,491,321,784,385
274.jpg,1000,1000,ship,449,180,720,245
274.jpg,1000,1000,ship,471,1,815,38
274.jpg,1000,1000,ship,379,379,721,445
274.jpg,1000,1000,ship,300,202,456,354
274.jpg,1000,1000,ship,35,345,159,426
274.jpg,1000,1000,ship,1,532,110,668
274.jpg,1000,1000,ship,339,642,673,745
274.jpg,1000,1000,ship,6,801,230,885
274.jpg,1000,1000,ship,393,893,574,967
275.jpg,1000,1000,ship,6,1,230,85
275.jpg,1000,1000,ship,393,93,574,167
275.jpg,1000,1000,ship,1,446,102,514
275.jpg,1000,1000,ship,254,271,414,422
275.jpg,1000,1000,ship,429,581,636,851
276.jpg,1000,1000,ship,1,316,129,391
276.jpg,1000,1000,ship,1,609,132,678
276.jpg,1000,1000,ship,325,385,441,476
276.jpg,1000,1000,ship,456,563,587,697
277.jpg,1000,1000,ship,826,575,999,653
277.jpg,1000,1000,ship,799,608,999,672
277.jpg,1000,1000,ship,776,653,999,706
277.jpg,1000,1000,ship,823,698,999,748
277.jpg,1000,1000,ship,840,746,999,791
277.jpg,1000,1000,ship,500,733,556,792
277.jpg,1000,1000,ship,653,798,727,830
277.jpg,1000,1000,ship,510,910,608,965
278.jpg,1000,1000,ship,811,174,999,241
278.jpg,1000,1000,ship,846,239,999,284
278.jpg,1000,1000,ship,840,281,999,323
278.jpg,1000,1000,ship,862,324,999,357
278.jpg,1000,1000,ship,759,391,999,462
278.jpg,1000,1000,ship,830,440,973,509
278.jpg,1000,1000,ship,851,535,999,592
278.jpg,1000,1000,ship,814,581,998,629
278.jpg,1000,1000,ship,841,637,999,677
278.jpg,1000,1000,ship,888,672,999,727
278.jpg,1000,1000,ship,871,706,995,745
278.jpg,1000,1000,ship,859,734,966,775
278.jpg,1000,1000,ship,861,913,972,951
278.jpg,1000,1000,ship,653,1,727,30
278.jpg,1000,1000,ship,510,110,608,165
278.jpg,1000,1000,ship,502,414,595,456
278.jpg,1000,1000,ship,516,717,610,779
278.jpg,1000,1000,ship,880,769,988,837
278.jpg,1000,1000,ship,544,924,625,997
278.jpg,1000,1000,ship,841,804,960,890
279.jpg,1000,1000,ship,861,113,972,151
279.jpg,1000,1000,ship,851,616,958,689
279.jpg,1000,1000,ship,830,513,999,594
279.jpg,1000,1000,ship,838,433,999,528
279.jpg,1000,1000,ship,826,384,999,493
279.jpg,1000,1000,ship,802,340,999,433
279.jpg,1000,1000,ship,880,1,988,37
279.jpg,1000,1000,ship,544,124,625,197
279.jpg,1000,1000,ship,841,4,960,90
279.jpg,1000,1000,ship,510,285,597,339
279.jpg,1000,1000,ship,534,409,622,459
28.jpg,1000,1000,ship,57,235,136,303
28.jpg,1000,1000,ship,338,80,409,150
28.jpg,1000,1000,ship,625,224,694,256
28.jpg,1000,1000,ship,809,603,845,677
280.jpg,1000,1000,ship,471,445,785,514
280.jpg,1000,1000,ship,440,618,666,657
280.jpg,1000,1000,ship,445,683,751,750
280.jpg,1000,1000,ship,469,775,754,819
280.jpg,1000,1000,ship,183,438,463,505
280.jpg,1000,1000,ship,85,453,348,527
280.jpg,1000,1000,ship,103,531,409,614
280.jpg,1000,1000,ship,111,502,367,574
280.jpg,1000,1000,ship,26,575,358,653
280.jpg,1000,1000,ship,206,662,477,727
280.jpg,1000,1000,ship,1,608,229,672
280.jpg,1000,1000,ship,1,653,213,706
280.jpg,1000,1000,ship,177,717,427,771
280.jpg,1000,1000,ship,23,698,206,748
280.jpg,1000,1000,ship,216,768,412,819
280.jpg,1000,1000,ship,40,746,199,791
280.jpg,1000,1000,ship,126,788,372,870
280.jpg,1000,1000,ship,170,849,371,907
280.jpg,1000,1000,ship,110,861,362,943
280.jpg,1000,1000,ship,122,895,358,968
280.jpg,1000,1000,ship,84,950,410,999
280.jpg,1000,1000,ship,833,659,881,774
280.jpg,1000,1000,ship,871,672,912,772
280.jpg,1000,1000,ship,909,671,951,774
280.jpg,1000,1000,ship,832,842,889,949
280.jpg,1000,1000,ship,883,857,928,960
280.jpg,1000,1000,ship,929,860,962,962
281.jpg,1000,1000,ship,453,527,522,553
281.jpg,1000,1000,ship,450,547,520,571
281.jpg,1000,1000,ship,442,564,520,588
281.jpg,1000,1000,ship,462,480,533,505
281.jpg,1000,1000,ship,455,498,534,522
281.jpg,1000,1000,ship,437,307,558,363
281.jpg,1000,1000,ship,126,1,372,70
281.jpg,1000,1000,ship,170,49,371,107
281.jpg,1000,1000,ship,110,61,362,143
281.jpg,1000,1000,ship,122,95,358,168
281.jpg,1000,1000,ship,84,150,410,208
281.jpg,1000,1000,ship,11,174,233,241
281.jpg,1000,1000,ship,221,239,335,274
281.jpg,1000,1000,ship,46,239,211,284
281.jpg,1000,1000,ship,40,281,224,323
281.jpg,1000,1000,ship,218,270,335,298
281.jpg,1000,1000,ship,226,299,343,327
281.jpg,1000,1000,ship,62,324,236,357
281.jpg,1000,1000,ship,207,339,377,379
281.jpg,1000,1000,ship,81,357,358,413
281.jpg,1000,1000,ship,1,391,211,462
281.jpg,1000,1000,ship,206,434,345,477
281.jpg,1000,1000,ship,181,473,363,526
281.jpg,1000,1000,ship,30,440,173,509
281.jpg,1000,1000,ship,241,570,483,649
281.jpg,1000,1000,ship,51,535,201,592
281.jpg,1000,1000,ship,14,581,198,629
281.jpg,1000,1000,ship,243,600,399,667
281.jpg,1000,1000,ship,41,637,216,677
281.jpg,1000,1000,ship,163,629,409,723
281.jpg,1000,1000,ship,88,672,290,727
281.jpg,1000,1000,ship,71,706,195,745
281.jpg,1000,1000,ship,183,745,345,806
281.jpg,1000,1000,ship,246,739,353,796
281.jpg,1000,1000,ship,59,734,166,775
281.jpg,1000,1000,ship,180,789,387,839
281.jpg,1000,1000,ship,151,836,344,894
281.jpg,1000,1000,ship,205,889,348,947
281.jpg,1000,1000,ship,205,938,377,984
281.jpg,1000,1000,ship,61,913,172,951
281.jpg,1000,1000,ship,201,975,342,999
281.jpg,1000,1000,ship,80,769,188,837
281.jpg,1000,1000,ship,41,804,160,890
281.jpg,1000,1000,ship,832,42,889,149
281.jpg,1000,1000,ship,883,57,928,160
281.jpg,1000,1000,ship,929,60,962,162
281.jpg,1000,1000,ship,898,191,945,295
281.jpg,1000,1000,ship,848,401,890,518
281.jpg,1000,1000,ship,879,537,926,648
281.jpg,1000,1000,ship,873,657,920,771
281.jpg,1000,1000,ship,918,652,964,765
281.jpg,1000,1000,ship,896,309,954,420
281.jpg,1000,1000,ship,892,425,938,529
281.jpg,1000,1000,ship,922,541,956,640
281.jpg,1000,1000,ship,856,786,896,902
281.jpg,1000,1000,ship,881,791,930,902
282.jpg,1000,1000,ship,342,848,501,917
282.jpg,1000,1000,ship,379,754,588,810
282.jpg,1000,1000,ship,372,711,620,781
282.jpg,1000,1000,ship,408,680,647,741
282.jpg,1000,1000,ship,431,637,603,699
282.jpg,1000,1000,ship,412,600,515,643
282.jpg,1000,1000,ship,412,561,601,637
282.jpg,1000,1000,ship,398,487,535,541
282.jpg,1000,1000,ship,532,544,688,608
282.jpg,1000,1000,ship,568,503,752,559
282.jpg,1000,1000,ship,451,477,517,503
282.jpg,1000,1000,ship,424,440,537,482
282.jpg,1000,1000,ship,548,467,726,534
282.jpg,1000,1000,ship,630,430,777,472
282.jpg,1000,1000,ship,637,400,849,446
282.jpg,1000,1000,ship,563,350,816,396
282.jpg,1000,1000,ship,428,349,538,393
282.jpg,1000,1000,ship,568,300,816,373
282.jpg,1000,1000,ship,180,1,387,39
282.jpg,1000,1000,ship,151,36,344,94
282.jpg,1000,1000,ship,205,89,348,147
282.jpg,1000,1000,ship,205,138,377,184
282.jpg,1000,1000,ship,61,113,172,151
282.jpg,1000,1000,ship,201,175,342,208
282.jpg,1000,1000,ship,263,209,360,236
282.jpg,1000,1000,ship,271,233,392,276
282.jpg,1000,1000,ship,51,616,158,689
282.jpg,1000,1000,ship,30,513,281,594
282.jpg,1000,1000,ship,82,490,342,566
282.jpg,1000,1000,ship,38,433,343,528
282.jpg,1000,1000,ship,26,384,322,493
282.jpg,1000,1000,ship,2,340,387,433
282.jpg,1000,1000,ship,19,190,401,317
282.jpg,1000,1000,ship,31,237,387,359
282.jpg,1000,1000,ship,103,304,330,395
282.jpg,1000,1000,ship,80,1,188,37
282.jpg,1000,1000,ship,41,4,160,90
282.jpg,1000,1000,ship,856,1,896,102
282.jpg,1000,1000,ship,881,1,930,102
282.jpg,1000,1000,ship,908,168,954,270
282.jpg,1000,1000,ship,891,395,946,488
282.jpg,1000,1000,ship,949,394,991,500
282.jpg,1000,1000,ship,909,487,946,572
282.jpg,1000,1000,ship,869,590,936,656
282.jpg,1000,1000,ship,818,669,889,734
282.jpg,1000,1000,ship,660,769,750,865
282.jpg,1000,1000,ship,700,786,802,902
282.jpg,1000,1000,ship,638,886,723,967
283.jpg,1000,1000,ship,342,48,501,117
283.jpg,1000,1000,ship,48,285,175,505
283.jpg,1000,1000,ship,230,463,325,581
283.jpg,1000,1000,ship,660,1,750,65
283.jpg,1000,1000,ship,700,1,802,102
283.jpg,1000,1000,ship,638,86,723,167
283.jpg,1000,1000,ship,580,174,673,249
283.jpg,1000,1000,ship,471,237,562,327
283.jpg,1000,1000,ship,517,248,608,343
284.jpg,1000,1000,ship,33,659,81,774
284.jpg,1000,1000,ship,71,672,112,772
284.jpg,1000,1000,ship,109,671,151,774
284.jpg,1000,1000,ship,32,842,89,949
284.jpg,1000,1000,ship,83,857,128,960
284.jpg,1000,1000,ship,129,860,162,962
285.jpg,1000,1000,ship,32,42,89,149
285.jpg,1000,1000,ship,83,57,128,160
285.jpg,1000,1000,ship,129,60,162,162
285.jpg,1000,1000,ship,98,191,145,295
285.jpg,1000,1000,ship,48,401,90,518
285.jpg,1000,1000,ship,79,537,126,648
285.jpg,1000,1000,ship,73,657,120,771
285.jpg,1000,1000,ship,118,652,164,765
285.jpg,1000,1000,ship,96,309,154,420
285.jpg,1000,1000,ship,92,425,138,529
285.jpg,1000,1000,ship,122,541,156,640
285.jpg,1000,1000,ship,56,786,96,902
285.jpg,1000,1000,ship,81,791,130,902
286.jpg,1000,1000,ship,56,1,96,102
286.jpg,1000,1000,ship,81,1,130,102
286.jpg,1000,1000,ship,108,168,154,270
286.jpg,1000,1000,ship,91,395,146,488
286.jpg,1000,1000,ship,149,394,191,500
286.jpg,1000,1000,ship,109,487,146,572
286.jpg,1000,1000,ship,69,590,136,656
286.jpg,1000,1000,ship,18,669,89,734
287.jpg,1000,1000,ship,437,551,606,622
287.jpg,1000,1000,ship,717,539,907,598
288.jpg,1000,1000,ship,114,72,275,144
288.jpg,1000,1000,ship,251,637,414,715
289.jpg,1000,1000,ship,826,840,891,993
289.jpg,1000,1000,ship,948,473,999,509
29.jpg,1000,1000,ship,14,149,57,292
29.jpg,1000,1000,ship,60,161,106,319
29.jpg,1000,1000,ship,467,197,523,303
29.jpg,1000,1000,ship,604,572,711,612
29.jpg,1000,1000,ship,785,468,832,619
29.jpg,1000,1000,ship,805,551,840,634
29.jpg,1000,1000,ship,863,561,902,649
29.jpg,1000,1000,ship,931,642,988,665
290.jpg,1000,1000,ship,26,840,91,993
290.jpg,1000,1000,ship,148,473,213,509
290.jpg,1000,1000,ship,361,871,461,999
291.jpg,1000,1000,ship,702,329,833,379
291.jpg,1000,1000,ship,674,357,840,420
291.jpg,1000,1000,ship,652,972,759,999
291.jpg,1000,1000,ship,635,937,748,978
291.jpg,1000,1000,ship,634,906,743,941
291.jpg,1000,1000,ship,610,873,727,910
291.jpg,1000,1000,ship,608,844,736,876
291.jpg,1000,1000,ship,628,818,735,843
291.jpg,1000,1000,ship,632,793,738,818
291.jpg,1000,1000,ship,631,770,741,796
291.jpg,1000,1000,ship,632,746,740,773
291.jpg,1000,1000,ship,630,712,738,747
291.jpg,1000,1000,ship,764,726,918,789
291.jpg,1000,1000,ship,773,645,946,737
291.jpg,1000,1000,ship,850,509,969,586
291.jpg,1000,1000,ship,831,546,960,640
291.jpg,1000,1000,ship,598,446,793,495
291.jpg,1000,1000,ship,641,489,806,541
291.jpg,1000,1000,ship,593,522,830,583
291.jpg,1000,1000,ship,588,624,727,723
291.jpg,1000,1000,ship,436,527,579,567
291.jpg,1000,1000,ship,412,488,597,536
291.jpg,1000,1000,ship,454,460,603,505
291.jpg,1000,1000,ship,447,415,604,462
291.jpg,1000,1000,ship,420,376,682,424
291.jpg,1000,1000,ship,377,329,603,385
291.jpg,1000,1000,ship,449,177,682,228
291.jpg,1000,1000,ship,434,301,615,349
291.jpg,1000,1000,ship,185,186,345,267
291.jpg,1000,1000,ship,26,40,91,193
291.jpg,1000,1000,ship,361,71,461,230
292.jpg,1000,1000,ship,921,614,999,682
292.jpg,1000,1000,ship,919,604,999,647
293.jpg,1000,1000,ship,121,614,269,682
293.jpg,1000,1000,ship,119,604,213,647
294.jpg,1000,1000,ship,471,816,568,866
294.jpg,1000,1000,ship,344,446,431,510
295.jpg,1000,1000,ship,1,54,209,372
295.jpg,1000,1000,ship,884,234,993,409
295.jpg,1000,1000,ship,683,537,839,804
296.jpg,1000,1000,ship,732,742,999,999
296.jpg,1000,1000,ship,469,207,645,371
296.jpg,1000,1000,ship,402,238,548,385
297.jpg,1000,1000,ship,426,467,594,521
297.jpg,1000,1000,ship,732,1,999,244
298.jpg,1000,1000,ship,824,38,972,229
298.jpg,1000,1000,ship,1,742,234,999
299.jpg,1000,1000,ship,47,893,119,952
299.jpg,1000,1000,ship,270,800,354,858
3.jpg,1000,1000,ship,666,847,683,915
3.jpg,1000,1000,ship,456,879,475,956
3.jpg,1000,1000,ship,562,618,570,660
3.jpg,1000,1000,ship,402,647,456,715
3.jpg,1000,1000,ship,348,576,378,613
3.jpg,1000,1000,ship,380,822,450,863
3.jpg,1000,1000,ship,144,986,184,999
3.jpg,1000,1000,ship,92,957,135,986
3.jpg,1000,1000,ship,26,921,84,957
30.jpg,1000,1000,ship,331,899,423,992
30.jpg,1000,1000,ship,306,884,381,961
300.jpg,1000,1000,ship,47,93,119,152
300.jpg,1000,1000,ship,270,1,354,58
300.jpg,1000,1000,ship,598,433,698,454
300.jpg,1000,1000,ship,735,337,824,373
31.jpg,1000,1000,ship,331,99,423,192
31.jpg,1000,1000,ship,306,84,381,161
32.jpg,1000,1000,ship,183,635,228,672
32.jpg,1000,1000,ship,692,663,743,712
33.jpg,1000,1000,ship,1,468,32,619
33.jpg,1000,1000,ship,5,551,40,634
33.jpg,1000,1000,ship,63,561,102,649
33.jpg,1000,1000,ship,131,642,188,665
33.jpg,1000,1000,ship,324,268,381,367
33.jpg,1000,1000,ship,264,224,308,331
33.jpg,1000,1000,ship,610,310,649,404
33.jpg,1000,1000,ship,561,300,602,402
33.jpg,1000,1000,ship,504,295,560,421
33.jpg,1000,1000,ship,634,667,663,731
33.jpg,1000,1000,ship,701,681,722,735
33.jpg,1000,1000,ship,734,662,763,739
33.jpg,1000,1000,ship,783,677,807,741
33.jpg,1000,1000,ship,754,696,774,738
33.jpg,1000,1000,ship,855,651,901,731
33.jpg,1000,1000,ship,913,669,956,726
34.jpg,1000,1000,ship,568,682,608,722
34.jpg,1000,1000,ship,647,606,676,657
34.jpg,1000,1000,ship,662,588,697,645
34.jpg,1000,1000,ship,964,608,990,653
35.jpg,1000,1000,ship,55,651,101,731
35.jpg,1000,1000,ship,113,669,156,726
35.jpg,1000,1000,ship,486,462,517,532
35.jpg,1000,1000,ship,594,439,666,474
36.jpg,1000,1000,ship,164,608,190,653
36.jpg,1000,1000,ship,208,617,229,657
36.jpg,1000,1000,ship,434,534,458,626
37.jpg,1000,1000,ship,841,540,899,716
37.jpg,1000,1000,ship,413,621,466,751
37.jpg,1000,1000,ship,73,662,142,738
38.jpg,1000,1000,ship,125,768,162,887
38.jpg,1000,1000,ship,819,321,886,488
39.jpg,1000,1000,ship,851,512,882,599
39.jpg,1000,1000,ship,787,667,816,788
39.jpg,1000,1000,ship,667,810,735,872
39.jpg,1000,1000,ship,508,878,570,946
39.jpg,1000,1000,ship,795,914,863,970
39.jpg,1000,1000,ship,976,881,999,998
4.jpg,1000,1000,ship,902,280,956,321
4.jpg,1000,1000,ship,666,47,683,115
4.jpg,1000,1000,ship,456,79,475,156
4.jpg,1000,1000,ship,380,22,450,63
4.jpg,1000,1000,ship,422,232,464,256
4.jpg,1000,1000,ship,360,201,408,226
4.jpg,1000,1000,ship,267,258,324,298
4.jpg,1000,1000,ship,144,186,184,213
4.jpg,1000,1000,ship,181,209,249,252
4.jpg,1000,1000,ship,92,157,135,186
4.jpg,1000,1000,ship,26,121,84,157
4.jpg,1000,1000,ship,8,662,36,681
40.jpg,1000,1000,ship,667,10,735,72
40.jpg,1000,1000,ship,508,78,570,146
40.jpg,1000,1000,ship,795,114,863,170
40.jpg,1000,1000,ship,976,81,999,198
40.jpg,1000,1000,ship,974,388,999,453
40.jpg,1000,1000,ship,831,360,896,410
40.jpg,1000,1000,ship,686,360,752,392
40.jpg,1000,1000,ship,504,438,537,497
40.jpg,1000,1000,ship,704,668,775,709
40.jpg,1000,1000,ship,854,516,900,588
40.jpg,1000,1000,ship,961,533,991,635
40.jpg,1000,1000,ship,892,745,944,813
40.jpg,1000,1000,ship,854,915,921,968
41.jpg,1000,1000,ship,854,115,921,168
41.jpg,1000,1000,ship,856,256,900,326
41.jpg,1000,1000,ship,345,368,445,426
41.jpg,1000,1000,ship,149,224,223,272
41.jpg,1000,1000,ship,876,414,964,482
42.jpg,1000,1000,ship,427,891,514,966
42.jpg,1000,1000,ship,521,924,606,962
43.jpg,1000,1000,ship,427,91,514,166
43.jpg,1000,1000,ship,521,124,606,162
44.jpg,1000,1000,ship,917,296,999,333
44.jpg,1000,1000,ship,933,344,999,376
44.jpg,1000,1000,ship,931,269,999,296
44.jpg,1000,1000,ship,790,506,820,613
44.jpg,1000,1000,ship,270,511,315,550
44.jpg,1000,1000,ship,51,512,82,599
44.jpg,1000,1000,ship,1,667,16,788
44.jpg,1000,1000,ship,1,914,63,970
44.jpg,1000,1000,ship,176,881,213,998
45.jpg,1000,1000,ship,1,114,63,170
45.jpg,1000,1000,ship,176,81,213,198
45.jpg,1000,1000,ship,620,313,682,404
45.jpg,1000,1000,ship,269,271,305,352
45.jpg,1000,1000,ship,311,410,350,467
45.jpg,1000,1000,ship,174,388,202,453
45.jpg,1000,1000,ship,31,360,96,410
45.jpg,1000,1000,ship,54,516,100,588
45.jpg,1000,1000,ship,161,533,191,635
45.jpg,1000,1000,ship,430,482,456,580
45.jpg,1000,1000,ship,332,562,377,645
45.jpg,1000,1000,ship,92,745,144,813
45.jpg,1000,1000,ship,333,779,377,856
45.jpg,1000,1000,ship,630,762,683,850
45.jpg,1000,1000,ship,445,859,494,929
45.jpg,1000,1000,ship,204,904,270,979
45.jpg,1000,1000,ship,54,915,121,968
46.jpg,1000,1000,ship,333,1,377,56
46.jpg,1000,1000,ship,630,1,683,50
46.jpg,1000,1000,ship,445,59,494,129
46.jpg,1000,1000,ship,204,104,270,179
46.jpg,1000,1000,ship,54,115,121,168
46.jpg,1000,1000,ship,56,256,100,326
46.jpg,1000,1000,ship,206,271,297,365
46.jpg,1000,1000,ship,503,221,577,295
46.jpg,1000,1000,ship,76,414,164,482
46.jpg,1000,1000,ship,190,538,246,596
46.jpg,1000,1000,ship,260,705,354,771
46.jpg,1000,1000,ship,468,873,564,953
46.jpg,1000,1000,ship,590,520,649,602
46.jpg,1000,1000,ship,360,400,404,464
46.jpg,1000,1000,ship,604,328,645,414
46.jpg,1000,1000,ship,731,242,787,328
46.jpg,1000,1000,ship,943,653,999,735
47.jpg,1000,1000,ship,117,296,211,333
47.jpg,1000,1000,ship,133,344,229,376
47.jpg,1000,1000,ship,131,269,216,296
47.jpg,1000,1000,ship,1,506,20,613
48.jpg,1000,1000,ship,143,653,223,735
48.jpg,1000,1000,ship,523,293,624,348
49.jpg,1000,1000,ship,878,927,953,990
49.jpg,1000,1000,ship,936,773,996,823
49.jpg,1000,1000,ship,834,681,880,746
5.jpg,1000,1000,ship,102,280,156,321
5.jpg,1000,1000,ship,904,751,960,828
5.jpg,1000,1000,ship,927,892,978,961
5.jpg,1000,1000,ship,962,894,999,983
50.jpg,1000,1000,ship,740,732,810,792
50.jpg,1000,1000,ship,919,243,979,309
50.jpg,1000,1000,ship,791,318,856,376
50.jpg,1000,1000,ship,878,127,953,190
51.jpg,1000,1000,ship,919,270,999,306
51.jpg,1000,1000,ship,808,183,878,234
52.jpg,1000,1000,ship,78,927,153,990
52.jpg,1000,1000,ship,172,855,237,906
52.jpg,1000,1000,ship,136,773,196,823
52.jpg,1000,1000,ship,34,681,80,746
52.jpg,1000,1000,ship,172,654,257,712
52.jpg,1000,1000,ship,322,722,472,753
52.jpg,1000,1000,ship,595,920,682,952
52.jpg,1000,1000,ship,559,814,658,855
52.jpg,1000,1000,ship,590,758,682,792
52.jpg,1000,1000,ship,380,901,464,932
52.jpg,1000,1000,ship,619,705,697,736
52.jpg,1000,1000,ship,607,654,704,681
53.jpg,1000,1000,ship,484,930,554,973
53.jpg,1000,1000,ship,196,606,310,647
53.jpg,1000,1000,ship,363,367,428,420
53.jpg,1000,1000,ship,319,292,390,343
53.jpg,1000,1000,ship,189,321,259,369
53.jpg,1000,1000,ship,119,243,179,309
53.jpg,1000,1000,ship,1,318,56,376
53.jpg,1000,1000,ship,182,190,254,236
53.jpg,1000,1000,ship,78,127,153,190
53.jpg,1000,1000,ship,172,55,237,106
53.jpg,1000,1000,ship,486,193,626,251
53.jpg,1000,1000,ship,527,280,605,306
53.jpg,1000,1000,ship,518,362,607,398
53.jpg,1000,1000,ship,595,120,682,152
53.jpg,1000,1000,ship,559,14,658,55
53.jpg,1000,1000,ship,380,101,464,132
54.jpg,1000,1000,ship,305,461,402,524
54.jpg,1000,1000,ship,119,270,206,306
54.jpg,1000,1000,ship,8,183,78,234
54.jpg,1000,1000,ship,269,188,353,231
54.jpg,1000,1000,ship,484,130,554,173
55.jpg,1000,1000,ship,635,900,871,999
55.jpg,1000,1000,ship,657,819,889,916
56.jpg,1000,1000,ship,635,100,871,209
56.jpg,1000,1000,ship,657,19,889,116
57.jpg,1000,1000,ship,298,744,453,777
57.jpg,1000,1000,ship,300,802,465,852
57.jpg,1000,1000,ship,305,848,462,898
57.jpg,1000,1000,ship,312,901,458,937
57.jpg,1000,1000,ship,329,949,489,999
58.jpg,1000,1000,ship,300,2,465,52
58.jpg,1000,1000,ship,305,48,462,98
58.jpg,1000,1000,ship,312,101,458,137
58.jpg,1000,1000,ship,329,149,489,202
58.jpg,1000,1000,ship,363,202,470,275
58.jpg,1000,1000,ship,315,268,426,299
58.jpg,1000,1000,ship,320,297,431,328
58.jpg,1000,1000,ship,351,340,450,374
58.jpg,1000,1000,ship,271,413,436,507
59.jpg,1000,1000,ship,412,904,510,950
59.jpg,1000,1000,ship,431,806,525,865
6.jpg,1000,1000,ship,873,451,893,466
6.jpg,1000,1000,ship,927,92,978,161
6.jpg,1000,1000,ship,962,94,999,183
60.jpg,1000,1000,ship,412,104,510,150
60.jpg,1000,1000,ship,431,6,525,65
60.jpg,1000,1000,ship,180,235,247,269
60.jpg,1000,1000,ship,187,266,255,299
60.jpg,1000,1000,ship,186,315,257,347
60.jpg,1000,1000,ship,193,293,257,315
61.jpg,1000,1000,ship,615,299,717,366
61.jpg,1000,1000,ship,772,303,817,385
61.jpg,1000,1000,ship,786,242,854,337
61.jpg,1000,1000,ship,830,222,885,299
61.jpg,1000,1000,ship,864,138,925,245
61.jpg,1000,1000,ship,632,432,666,464
62.jpg,1000,1000,ship,64,938,125,999
62.jpg,1000,1000,ship,262,787,319,817
62.jpg,1000,1000,ship,265,800,357,831
62.jpg,1000,1000,ship,265,815,385,853
62.jpg,1000,1000,ship,298,836,376,868
62.jpg,1000,1000,ship,298,852,376,882
63.jpg,1000,1000,ship,173,704,243,798
63.jpg,1000,1000,ship,1,242,54,337
63.jpg,1000,1000,ship,30,222,85,299
63.jpg,1000,1000,ship,64,138,125,245
63.jpg,1000,1000,ship,262,1,319,17
63.jpg,1000,1000,ship,265,1,357,31
63.jpg,1000,1000,ship,265,15,385,53
63.jpg,1000,1000,ship,298,36,376,68
63.jpg,1000,1000,ship,298,52,376,82
64.jpg,1000,1000,ship,83,787,140,817
64.jpg,1000,1000,ship,86,800,178,831
64.jpg,1000,1000,ship,86,815,206,853
64.jpg,1000,1000,ship,119,836,197,868
64.jpg,1000,1000,ship,119,852,197,882
65.jpg,1000,1000,ship,1,704,64,798
65.jpg,1000,1000,ship,83,1,140,17
65.jpg,1000,1000,ship,86,1,178,31
65.jpg,1000,1000,ship,86,15,206,53
65.jpg,1000,1000,ship,119,36,197,68
65.jpg,1000,1000,ship,119,52,197,82
66.jpg,1000,1000,ship,232,350,298,497
66.jpg,1000,1000,ship,154,313,229,460
67.jpg,1000,1000,ship,460,500,578,571
67.jpg,1000,1000,ship,757,519,946,585
67.jpg,1000,1000,ship,663,652,842,708
67.jpg,1000,1000,ship,875,741,989,807
67.jpg,1000,1000,ship,857,129,970,233
67.jpg,1000,1000,ship,322,799,439,896
68.jpg,1000,1000,ship,257,933,375,999
68.jpg,1000,1000,ship,455,758,564,858
68.jpg,1000,1000,ship,356,598,469,716
68.jpg,1000,1000,ship,172,423,247,522
68.jpg,1000,1000,ship,436,348,587,480
68.jpg,1000,1000,ship,729,491,998,567
68.jpg,1000,1000,ship,748,420,894,501
68.jpg,1000,1000,ship,848,854,999,915
68.jpg,1000,1000,ship,872,760,999,793
68.jpg,1000,1000,ship,322,1,439,96
69.jpg,1000,1000,ship,823,610,937,681
69.jpg,1000,1000,ship,257,133,375,242
69.jpg,1000,1000,ship,738,440,861,530
69.jpg,1000,1000,ship,455,1,564,58
69.jpg,1000,1000,ship,331,340,427,486
69.jpg,1000,1000,ship,448,222,569,316
69.jpg,1000,1000,ship,487,500,608,580
69.jpg,1000,1000,ship,848,54,999,115
7.jpg,1000,1000,ship,453,663,460,673
7.jpg,1000,1000,ship,360,671,365,678
70.jpg,1000,1000,ship,1,515,132,633
70.jpg,1000,1000,ship,530,238,709,331
70.jpg,1000,1000,ship,505,281,675,383
71.jpg,1000,1000,ship,105,217,243,319
71.jpg,1000,1000,ship,335,398,480,462
71.jpg,1000,1000,ship,706,790,869,892
72.jpg,1000,1000,ship,57,929,170,999
72.jpg,1000,1000,ship,132,693,283,769
72.jpg,1000,1000,ship,269,896,354,999
72.jpg,1000,1000,ship,406,764,505,892
73.jpg,1000,1000,ship,94,916,349,996
73.jpg,1000,1000,ship,439,836,628,911
73.jpg,1000,1000,ship,1,519,146,585
73.jpg,1000,1000,ship,75,741,189,807
73.jpg,1000,1000,ship,132,642,312,718
73.jpg,1000,1000,ship,57,129,170,233
73.jpg,1000,1000,ship,269,96,354,247
73.jpg,1000,1000,ship,416,167,529,351
73.jpg,1000,1000,ship,330,635,449,729
73.jpg,1000,1000,ship,227,474,401,621
73.jpg,1000,1000,ship,482,479,647,540
73.jpg,1000,1000,ship,387,417,567,465
73.jpg,1000,1000,ship,406,1,505,92
74.jpg,1000,1000,ship,94,116,349,196
74.jpg,1000,1000,ship,439,36,628,111
74.jpg,1000,1000,ship,1,491,198,567
74.jpg,1000,1000,ship,1,420,94,501
74.jpg,1000,1000,ship,444,825,633,886
74.jpg,1000,1000,ship,397,688,619,768
74.jpg,1000,1000,ship,463,575,637,641
74.jpg,1000,1000,ship,510,466,689,532
74.jpg,1000,1000,ship,505,353,708,409
74.jpg,1000,1000,ship,453,291,656,367
74.jpg,1000,1000,ship,483,889,676,942
74.jpg,1000,1000,ship,48,854,204,915
74.jpg,1000,1000,ship,72,760,199,793
75.jpg,1000,1000,ship,23,610,137,681
75.jpg,1000,1000,ship,307,579,458,645
75.jpg,1000,1000,ship,330,409,515,461
75.jpg,1000,1000,ship,208,239,510,338
75.jpg,1000,1000,ship,444,25,633,86
75.jpg,1000,1000,ship,483,89,676,142
75.jpg,1000,1000,ship,48,54,204,115
76.jpg,1000,1000,ship,838,898,999,942
76.jpg,1000,1000,ship,847,949,999,991
77.jpg,1000,1000,ship,838,98,999,142
77.jpg,1000,1000,ship,847,149,999,191
77.jpg,1000,1000,ship,878,205,999,240
77.jpg,1000,1000,ship,879,237,999,283
77.jpg,1000,1000,ship,745,212,865,262
77.jpg,1000,1000,ship,739,271,999,361
77.jpg,1000,1000,ship,693,524,840,586
77.jpg,1000,1000,ship,741,489,895,549
77.jpg,1000,1000,ship,787,405,938,467
77.jpg,1000,1000,ship,764,449,898,522
77.jpg,1000,1000,ship,824,627,999,706
77.jpg,1000,1000,ship,749,652,988,752
77.jpg,1000,1000,ship,714,744,999,821
77.jpg,1000,1000,ship,688,819,879,876
77.jpg,1000,1000,ship,707,907,879,955
77.jpg,1000,1000,ship,701,874,881,920
77.jpg,1000,1000,ship,841,566,999,623
77.jpg,1000,1000,ship,721,962,901,998
78.jpg,1000,1000,ship,651,742,801,793
78.jpg,1000,1000,ship,661,708,828,754
78.jpg,1000,1000,ship,814,779,984,834
78.jpg,1000,1000,ship,688,19,879,76
78.jpg,1000,1000,ship,707,107,879,155
78.jpg,1000,1000,ship,701,74,881,120
78.jpg,1000,1000,ship,664,675,801,709
78.jpg,1000,1000,ship,810,543,975,588
78.jpg,1000,1000,ship,828,652,931,725
78.jpg,1000,1000,ship,900,216,999,260
78.jpg,1000,1000,ship,721,162,901,198
78.jpg,1000,1000,ship,859,290,999,333
78.jpg,1000,1000,ship,868,331,999,374
78.jpg,1000,1000,ship,836,733,946,794
78.jpg,1000,1000,ship,705,445,961,502
78.jpg,1000,1000,ship,719,387,891,447
78.jpg,1000,1000,ship,802,355,995,396
79.jpg,1000,1000,ship,38,898,205,942
79.jpg,1000,1000,ship,363,729,521,791
79.jpg,1000,1000,ship,47,949,227,991
79.jpg,1000,1000,ship,346,787,542,827
79.jpg,1000,1000,ship,341,913,547,959
79.jpg,1000,1000,ship,327,959,517,999
79.jpg,1000,1000,ship,337,949,531,983
8.jpg,1000,1000,ship,488,817,499,828
8.jpg,1000,1000,ship,669,526,682,533
8.jpg,1000,1000,ship,105,206,127,227
80.jpg,1000,1000,ship,38,98,205,142
80.jpg,1000,1000,ship,47,149,227,191
80.jpg,1000,1000,ship,78,205,251,240
80.jpg,1000,1000,ship,79,237,248,283
80.jpg,1000,1000,ship,1,212,65,262
80.jpg,1000,1000,ship,1,271,211,361
80.jpg,1000,1000,ship,1,489,95,549
80.jpg,1000,1000,ship,1,405,138,467
80.jpg,1000,1000,ship,1,449,98,522
80.jpg,1000,1000,ship,24,627,209,706
80.jpg,1000,1000,ship,1,652,188,752
80.jpg,1000,1000,ship,1,744,227,821
80.jpg,1000,1000,ship,41,566,210,623
80.jpg,1000,1000,ship,1,962,101,998
80.jpg,1000,1000,ship,346,1,542,27
80.jpg,1000,1000,ship,341,113,547,159
80.jpg,1000,1000,ship,327,159,517,219
80.jpg,1000,1000,ship,438,233,579,263
80.jpg,1000,1000,ship,337,149,531,183
81.jpg,1000,1000,ship,14,779,184,834
81.jpg,1000,1000,ship,290,968,457,999
81.jpg,1000,1000,ship,305,899,466,947
81.jpg,1000,1000,ship,321,853,512,917
81.jpg,1000,1000,ship,10,543,175,588
81.jpg,1000,1000,ship,28,652,131,725
81.jpg,1000,1000,ship,100,216,284,260
81.jpg,1000,1000,ship,1,162,101,198
81.jpg,1000,1000,ship,59,290,209,333
81.jpg,1000,1000,ship,68,331,216,374
81.jpg,1000,1000,ship,36,733,146,794
81.jpg,1000,1000,ship,1,445,161,502
81.jpg,1000,1000,ship,1,387,91,447
81.jpg,1000,1000,ship,2,355,195,396
82.jpg,1000,1000,ship,14,1,184,34
82.jpg,1000,1000,ship,202,379,365,441
82.jpg,1000,1000,ship,290,168,457,228
82.jpg,1000,1000,ship,305,99,466,147
82.jpg,1000,1000,ship,321,53,512,117
83.jpg,1000,1000,ship,64,489,186,559
83.jpg,1000,1000,ship,163,636,327,694
84.jpg,1000,1000,ship,561,679,730,753
84.jpg,1000,1000,ship,450,420,595,480
85.jpg,1000,1000,ship,516,458,730,581
85.jpg,1000,1000,ship,860,330,994,502
85.jpg,1000,1000,ship,821,462,918,615
85.jpg,1000,1000,ship,543,717,603,779
86.jpg,1000,1000,ship,632,654,838,728
86.jpg,1000,1000,ship,684,715,838,794
86.jpg,1000,1000,ship,618,678,860,753
86.jpg,1000,1000,ship,605,636,726,690
86.jpg,1000,1000,ship,692,753,857,803
87.jpg,1000,1000,ship,211,138,342,340
87.jpg,1000,1000,ship,60,330,194,502
87.jpg,1000,1000,ship,21,462,118,615
87.jpg,1000,1000,ship,152,291,254,451
87.jpg,1000,1000,ship,585,593,712,649
87.jpg,1000,1000,ship,636,693,773,781
87.jpg,1000,1000,ship,714,740,795,840
87.jpg,1000,1000,ship,570,633,717,692
88.jpg,1000,1000,ship,434,465,583,640
88.jpg,1000,1000,ship,910,273,999,405
89.jpg,1000,1000,ship,110,273,282,405
89.jpg,1000,1000,ship,196,313,354,478
9.jpg,1000,1000,ship,488,761,499,772
9.jpg,1000,1000,ship,669,470,682,477
9.jpg,1000,1000,ship,105,150,127,171
90.jpg,1000,1000,ship,1,32,263,217
90.jpg,1000,1000,ship,849,526,934,881
91.jpg,1000,1000,ship,1,654,301,893
91.jpg,1000,1000,ship,882,95,969,360
92.jpg,1000,1000,ship,486,637,662,772
92.jpg,1000,1000,ship,170,145,861,462
93.jpg,1000,1000,ship,1,757,117,845
93.jpg,1000,1000,ship,410,575,574,698
94.jpg,1000,1000,ship,82,95,169,360
94.jpg,1000,1000,ship,276,148,346,354
95.jpg,1000,1000,ship,313,880,594,999
95.jpg,1000,1000,ship,483,312,623,447
96.jpg,1000,1000,ship,406,797,512,949
96.jpg,1000,1000,ship,149,504,272,627
97.jpg,1000,1000,ship,606,1,689,146
97.jpg,1000,1000,ship,254,100,444,415
98.jpg,1000,1000,ship,889,889,999,999
98.jpg,1000,1000,ship,714,415,883,602
99.jpg,1000,1000,ship,403,815,503,999
99.jpg,1000,1000,ship,637,698,719,867
99.jpg,1000,1000,ship,509,154,632,300
99.jpg,1000,1000,ship,889,89,999,306
99.jpg,1000,1000,ship,783,657,911,855
99.jpg,1000,1000,ship,676,910,753,999
